2,1,1,0,2,2,0,0.0,0.0,0.0,0.0,1.0,1056,0,9,13,156,6.931275,22.076928,19.673353,22.255383,6.926551,22,7,0,0,6,3,1,0,0,9,10,1,0,1,6,5.0,0.0,1.0,0.666667,19.666667,236.222222,0.0,0.222222,0.222222,0.666667,0.000238,0.0,1.0,0.0,0.00807,0.006969,0.0,0.25,0.0,0.003468,0.00143,0.3,0.123038,0.076923,0.0033619999999999995,0.002034,0.0,0.0,0.055556,0.031496,0.000293,0.002222,0.024691,0.0,0.000393,63.912287,22.076928,11.687569,13.366322,52.665121,5.760642,11.984921,0.0,0.0,9.188786,0.0,8.517342999999999,7.985784,0.0,18.469785,0.384043,17.557067,6.557784,0.0,17.555039999999998,0.0,1.0841690000000002,0.0,10.364042,126.093411,1,1,0,0,0,0.7952130000000001,0.0,1.0,0.0,0.8745930000000001,16.72776,20.59276,26.759999,10.329268,16.264682999999998,-18.776644,-7.760072,-7.761830000000002,-25.436074,-17.914751000000006,-19.157904,-21.339609,-24.497864,-25.595508,-17.743246,-18.28721,-24.041386,-14.498349,-18.50343,-10.56988,3,65,222,7,271,63318,1,15,0,0,9.633333333
2,1,3,3,0,0,1,1.0,0.0,0.0,0.666667,0.333333,1475,4,1593,5,3199,6.931275,22.076928,19.673353,22.255383,6.926551,14,0,3,0,20,4,1,2,0,8,11,3,0,0,12,9.333333,2.333333,68.333333,0.666667,10.333333,14.888889,0.222222,8153.555556,0.0,14.222222,0.003574000000000001,0.333333,0.0,0.166667,0.055195000000000015,0.002347,0.0,0.2,0.0,0.016234000000000002,0.018293,0.333333,0.1,0.0,0.122538,0.015504,0.233333,0.042896,0.0,0.031496,0.000319,0.002222,0.0,0.001543,1e-06,12.710421,52.6712,0.0,0.0,12.704504,1.152128,11.984921,0.0,0.0,0.0,12.315668,25.55203,7.985784,0.0,15.391488,2.310425,17.557067,430.402439,4.455441,11.781311,44.465799,1.0841690000000002,1.167248,0.0,320.53368,0,0,0,0,1,0.968431,0.979913,0.720414,0.731014,0.855334,10.979923,0.0,26.759999,10.329268,19.199584,-13.759798000000002,-21.242171,-14.693263,-18.743972,-15.038405,-21.710022,-24.805464,-16.424232,-25.595508,-18.482719,-17.137203,-4.4744519999999985,-3.611597,-18.50343,-20.568074,4,78,0,15,541,203,11,10,0,7,0.0
0,1,0,0,3,2,1,1.0,1.0,0.0,0.0,0.333333,21,5,9,6,308,6.931275,22.076928,19.673353,22.255383,6.926551,7,1,0,2,25,3,1,2,0,4,196,3,1,1,5,1.666667,1.0,68.333333,0.0,17.333333,236.222222,0.222222,0.0,0.0,5.555556,0.043189,0.0,0.3,0.153846,0.033445,0.00818,0.0,0.25,0.0,0.016234000000000002,0.010453,0.3,0.333333,0.083333,0.011702,0.015504,0.111111,0.2,0.051282000000000015,0.011148,1.7e-05,0.024691,0.002743,0.001315,0.0004570000000000001,105.036047,52.6712,0.0,13.366322,1233.57164,0.0,5.99246,5.373163,0.0,4.594393,0.0,5.99246,6.314406,7.49424,15.391488,24.630117,1.997487,6.557784,0.0,12.953217,117.033637,0.0,325881.0621,10.364042,23.129585,1,1,0,0,0,0.860834,0.979913,1.0,0.731014,0.898802,16.010314,0.0,17.748073,0.0,16.959572,-18.600382,-21.242171,-7.761830000000002,-18.903119,-13.936148,-15.741228,-21.339609,-21.468789,-25.595508,-19.197658,-13.124289,-4.738302,-3.611597,-28.119826,-11.05159,7,64,2,13,256,203,57,67,3576,0,9.633333333
2,1,0,1,3,2,1,1.0,0.333333,0.0,0.0,0.0,489,10,5,7,416,6.931275,22.076928,19.673353,22.255383,6.926551,1,0,0,0,72,0,2,0,0,1,24,1,196,1,8,16.333333,0.333333,1.0,0.666667,19.666667,236.222222,0.222222,0.0,0.0,20.222222,0.068966,0.7,0.3,0.0,0.009235,0.012195,0.25,0.333333,0.0,0.011976,0.0073370000000000015,0.25,0.111111,0.083333,0.019481,0.014396,0.0,0.1,0.0,0.033398000000000004,3.7e-05,0.024691,0.0,0.001315,0.000283,63.912287,0.0,0.0,0.0,149.85990900000004,2.700229,11.984921,15.971567000000002,0.0,4.594393,1.152128,8.517342999999999,1237.62361,0.0,76.95743900000002,9.103541,0.0,0.0,0.0,8.209303,86.303274,33.612765,325881.0621,10.364042,2.78795,1,1,1,0,0,0.980551,0.979913,0.5713630000000001,0.0,0.996225,7.802556,0.0,0.0,10.329268,17.53163,-30.363118,-21.242171,-7.761830000000002,-18.743972,-18.335164,-16.459027,-21.339609,-24.497864,-25.596998000000006,-21.917967,-13.530039000000002,-24.041386,-14.689844,-28.119826,-16.996328,2,55,11089534,3,1049,3435,11,71,3576,0,98.21897609
1,1,0,3,0,0,1,1.0,1.0,0.666667,0.666667,0.0,935,2,4,5,865,6.931275,22.076928,19.673353,22.255383,6.926551,5,3,205,0,14,1,0,1,0,4,11,1,196,1,392,10.0,2.333333,1.0,0.0,4.3333330000000005,0.8888889999999999,0.0,0.0,0.222222,76.222222,0.007319,0.0,0.6,0.166667,0.094488,0.00135,0.0,0.0,0.0,0.010033,0.016517,0.3,0.0,0.076923,0.011976,0.001327,0.0,0.25,0.0,0.018398,6.1e-05,0.0,0.002743,0.001543,6e-06,28.086502000000007,0.0,1291.207316,13.366322,1233.57164,5.760642,0.0,0.0,0.0,5.742991,3.078917,0.0,6.314406,0.0,1.148598,10.652048,1.997487,3.895856,4.455441,9.353677,320.671684,7.979907000000001,0.0,10.364042,18.887011,0,1,0,0,1,0.323574,1.0,0.720414,0.731014,0.821175,7.802556,21.468743,26.759999,10.889497,14.530013,-15.042419,-5.546487,-20.838749,-25.436074,-13.936148,-16.459027,-24.805464,-16.424232,-25.596998000000006,-20.58994,-17.137203,-24.041386,-14.498349,-18.66347,-16.500564,3,78,295,0,3492,64034,3,35,3576,1037,98.21897609
1,1,1,1,3,0,0,0.333333,0.333333,0.0,0.0,0.333333,287,0,8,7,337,6.931275,22.076928,19.673353,22.255383,6.926551,5,7,205,2,5,8,0,1,0,0,7,3,1,0,13,2.666667,0.0,68.333333,0.0,14.0,2.666667,0.222222,8153.555556,0.222222,32614.22222,0.023529,0.333333,0.0,0.0,0.026344,0.001356,0.2,0.2,0.0,0.00994,0.122423,0.3,0.0,0.083333,0.016822,0.008008,0.0,0.1,0.055556,0.0,0.0,0.024691,0.002743,0.001543,5e-06,82.314215,22.076928,19.673353,0.0,28.061031,8.100686999999999,0.0,0.0,0.0,5.399311,18.473503,0.0,1237.62361,0.0,70.800844,8.089164,1.997487,3.895856,4.455441,12.819065,11.880727,1.0841690000000002,1.167248,10.364042,18.887011,1,1,1,0,0,0.987202,0.465641,1.0,0.0,0.989609,14.337614000000002,0.0,7.375994,10.889497,16.752113,-18.895065,-21.242171,-20.838749,-25.436074,-13.57417,-19.169219,-19.477109,-21.458323,-25.596998000000006,-18.26152,-13.845199,-24.041386,-7.222766,-18.50343,-12.947616,2,65,2,30,277,20296,5,13,0,1037,9.633333333
1,1,3,3,2,0,3,0.0,0.0,1.0,0.0,1.0,1056,3,8,12,865,6.931275,22.076928,19.673353,22.255383,6.926551,28,7,0,2,72,8,2,1,0,8,2,1,1,1,2,1.666667,0.0,0.666667,0.666667,4.666667,38.0,0.222222,0.222222,0.222222,0.8888889999999999,0.011583,0.75,0.3,0.153846,0.009235,0.000996,0.25,0.1,0.0,0.001311,0.017044999999999998,0.0,0.111111,0.083333,0.048556,7.900000000000001e-05,0.233333,0.1,0.0,0.008781,0.0,0.024691,0.002743,0.001315,0.000244,23.872741,0.0,11.687569,0.0,33.436525,11.521285,0.0,15.971567000000002,0.0,5.742991,15.394586,5.99246,0.0,7.49424,0.0,4.236807,17.557067,6.557784,4.455441,10.391939,8.824852,7.979907000000001,0.0,0.0,474.97401,0,1,1,0,0,0.821205,0.979913,1.0,0.731014,0.8745930000000001,12.941469,20.59276,10.449928,10.329268,0.0,-17.299188,-5.546487,-10.497324,-25.436074,-16.558097,-20.215679,-19.477109,-21.45982,-25.595508,-18.089557,-17.137203,-4.738302,-4.474536,-18.50343,-15.041401,4,53,295,15,1066,53749,16,56,3576,7,0.0
2,1,1,3,2,2,0,0.0,1.0,0.0,0.666667,0.333333,146,3,5,7,167,6.931275,22.076928,19.673353,22.255383,6.926551,28,0,205,0,20,1,1,1,0,4,0,3,1,0,11,1.0,0.0,0.0,0.666667,4.666667,8153.555556,0.222222,0.222222,0.0,14.222222,0.003982,0.7,0.12868800000000002,0.166667,0.00807,0.002139,0.25,0.2,0.0,0.0,0.019934,0.0,0.123038,0.0,0.013378,0.014228,0.25,0.222222,0.055556,0.037177,0.00043,0.0,0.002743,0.001543,1e-06,17.714906,0.0,19.673353,0.0,24.627908,4.608514,0.0,5.373163,0.0,1.148598,9.236751,0.0,6.314406,7.49424,0.0,2.310425,7.358975999999998,3.895856,0.0,10.261501,1.29454,1.0841690000000002,1.167248,10.364042,6.941327,1,0,1,0,0,1.0,0.465641,1.0,0.0,0.8427889999999999,13.208906,6.57647,24.233365,0.0,18.680795,-16.651804000000002,-7.760072,-8.429024,-18.903119,-11.297811,-20.215679,-19.477109,-23.934636,-25.596998000000006,-19.180736,-16.500438,-24.041386,-23.634899,-28.119826,-16.567386,2,43,11089534,5,283,61690,4,72,3576,7,98.21897609
1,1,0,1,2,0,0,1.0,1.0,1.0,0.0,0.333333,164,3,5,4,4210,6.931275,22.076928,19.673353,22.255383,6.926551,9,0,205,0,6,0,1,0,0,9,2,1,1,0,24,4.666667,0.333333,0.666667,0.666667,5.666667,82.666667,0.0,8153.555556,0.0,0.8888889999999999,0.01183,0.333333,0.3,0.0,0.054054,0.000984,0.2,0.001255,0.0,0.003058,0.002712,0.25,0.2,0.076923,0.019118,0.042682,0.25,0.2,0.051282000000000015,0.003078,0.000319,0.002222,0.0,0.001543,7.000000000000002e-06,1.152128,0.0,1291.207316,0.0,30.003402,5.400458,0.0,5.373163,0.0,9.188786,9.236751,5.99246,0.0,7.49424,18.469785,4.236807,7.358975999999998,3.895856,0.0,37.288493,2.0411490000000003,7.979907000000001,0.0,10.364042,22.490981,0,0,1,0,0,0.987202,0.979913,0.720414,0.731014,0.8745930000000001,14.026719,0.0,10.449928,10.889497,0.35338800000000004,-21.569761,-7.760072,-6.901022,-18.743972,-16.624509,-21.902051,-24.805464,-23.925663,-25.596998000000006,-18.089557,-11.525277,-4.4744519999999985,-5.14386,-18.66347,-11.436378,3,43,0,3,277,65535,101,13,3576,0,9.633333333
0,1,3,1,3,2,0,0.333333,1.0,0.666667,0.666667,0.0,935,5,9,9,1487,6.931275,22.076928,19.673353,22.255383,6.926551,5,3,205,0,25,4,2,2,0,3,2,3,1,1,11,3.666667,0.333333,1.0,0.0,5.666667,6.888889,0.222222,0.222222,0.222222,9.555556,0.09589,0.75,0.12868800000000002,0.153846,0.040625,0.006969,0.2,0.2,0.0,0.001979,0.016611,0.0,0.333333,0.076923,0.046243,0.005379999999999999,0.111111,0.333333,0.0,0.008781,0.0,0.002222,0.0,0.001315,0.000458,28.086502000000007,22.076928,0.0,13.366322,149.85990900000004,8.100686999999999,5.99246,15.971567000000002,0.0,0.0,27.710254,5.99246,0.0,7.49424,49.252761,9.751972,0.0,3.895856,0.0,9.353677,15.044832,33.612765,7.736505,10.364042,7.922666,1,1,0,0,1,0.7936949999999999,1.0,0.0,0.0,0.98316,10.979923,6.57647,10.449928,10.329268,16.766961,-12.981821,-21.242171,-7.761830000000002,-18.903119,-30.366374,-18.832941,-24.805464,-21.45982,-25.596998000000006,-17.869366,-14.798285,-4.738302,-4.474536,-18.50343,-17.563345,1,48,11089534,30,124,57867,79,56,0,1037,9.633333333
0,1,1,1,3,2,3,0.0,1.0,0.666667,0.0,1.0,1475,10,5,6,416,6.931275,22.076928,19.673353,22.255383,6.926551,68,7,2,0,18,3,0,1,0,1,35,1,0,1,5,2.333333,0.333333,1.0,0.0,0.0,5.555556,0.222222,0.222222,0.0,82.666667,0.011583,0.75,0.6,0.0,0.000238,0.000984,0.25,0.25,0.0,0.001311,0.0034770000000000005,0.25,0.333333,0.076923,0.048493,0.001327,0.233333,0.222222,0.055556,0.037177,0.0,0.002222,0.002743,0.001315,2e-06,17.714906,0.0,11.687569,0.0,24.627908,11.521285,5.99246,5.373163,0.0,6.891589999999999,6.1578339999999985,8.517342999999999,1237.62361,0.0,30.782976,9.362167,7.358975999999998,6.557784,4.455441,12.819065,11.880727,7.979907000000001,325881.0621,10.364042,75.339929,0,1,0,0,1,0.7936949999999999,1.0,1.0,0.731014,0.8745930000000001,16.72776,6.57647,17.748073,0.0,11.592912,-11.55585,-5.546487,-20.838749,-18.743972,-10.938158,-21.419394,-24.805464,-24.497864,-25.596998000000006,-18.014035999999994,-14.091448000000002,-4.4744519999999985,-14.498349,-18.50343,-17.563345,8,46,1,1,116,20296,4,35,0,0,98.21897609
0,1,0,3,2,2,3,1.0,1.0,0.0,0.666667,0.333333,406,4,3,9,763,6.931275,22.076928,19.673353,22.255383,6.926551,205,7,205,2,10,1,2,1,0,9,196,3,1,1,13,3.666667,0.0,68.333333,0.666667,3.333333,16.222222,0.0,0.222222,0.0,5.555556,0.043189,0.7,0.6,0.166667,0.10338,0.001249,0.0,0.0,0.0,0.009634,0.122423,0.333333,0.333333,0.076923,0.048493,0.00947,0.0,0.333333,0.055556,0.034460000000000005,0.00043,0.0,0.003213,0.001315,1.7e-05,18.867035,22.076928,11.687569,0.0,33.436525,4.608514,5.99246,5.373163,0.0,6.891589999999999,0.0,5.99246,6.314406,7.49424,0.0,35.012016,17.557067,430.402439,4.455441,7.309417,86.303274,0.0,1.167248,0.0,0.0,0,0,1,0,1,0.0,0.465641,0.720414,0.0,0.951166,13.208906,20.59276,7.375994,10.329268,9.749707,-21.569761,-5.546487,-7.761830000000002,-25.436074,-21.601468,-19.169219,-21.339609,-16.424232,-25.595508,-19.197658,-18.529615,-4.4744519999999985,-3.611597,-18.66347,-10.56988,2,72,295,17,17265,53749,3,3,0,0,0.0
0,1,0,1,0,2,1,0.0,0.0,1.0,0.666667,0.333333,852,10,1593,7,1308,6.931275,22.076928,19.673353,22.255383,6.926551,28,1,2,0,12,2,0,0,0,0,196,1,1,0,12,2.666667,2.333333,1.0,0.666667,1.666667,236.222222,0.222222,0.0,0.222222,0.0,0.000238,0.75,0.3,0.0,0.020478,0.00135,0.25,0.25,0.0,0.002757,0.024631,0.0,0.2,0.076923,0.001978,0.002034,0.111111,0.25,0.0,0.001813,1e-06,0.024691,0.024691,0.0,0.000244,23.872741,5.99246,1291.207316,0.0,31.175817,8.100686999999999,5.99246,0.0,0.0,0.0,49.262674,8.517342999999999,6.314406,7.49424,15.391488,9.751972,17.557067,6.557784,0.0,12.819065,4.853224,33.612765,7.736505,10.364042,7.922666,1,1,0,0,1,0.821205,0.465641,0.720414,0.731014,0.951166,7.734533,21.468743,29.874827000000003,10.889497,13.435404,-13.966048,-21.242171,-14.935056,-18.743972,-11.031877,-20.215679,-19.477109,-16.424232,-25.595508,-18.589543,-14.798285,-4.738302,-14.689844,-18.50343,-17.754203,1,43,6,15,60654,48022,7,9,0,7,9.633333333
0,1,3,3,0,0,0,0.333333,0.333333,0.0,0.666667,0.333333,2009,3,4,4,1070,6.931275,22.076928,19.673353,22.255383,6.926551,1,1,205,2,0,0,0,1,0,5,10,3,1,0,26,1.0,0.0,0.666667,0.666667,3.666667,2.666667,0.0,0.0,0.222222,0.666667,0.003574000000000001,0.7,0.12868800000000002,0.153846,0.055195000000000015,0.003322,0.2,0.333333,0.0,0.000975,0.010453,0.333333,0.111111,0.0,0.007983,0.014228,0.0,0.074074,0.0,0.015066,0.000323,0.0,0.002743,0.001543,0.000458,63.912287,0.0,19.673353,13.366322,33.436525,2.700229,5.99246,15.971567000000002,0.0,2.297197,15.394586,8.517342999999999,1237.62361,7.49424,55.409356,7.69936,7.358975999999998,6.557784,0.0,9.353677,576.506755,0.0,7.736505,0.0,594.54633,1,0,1,0,0,0.960116,0.465641,0.0,0.0,0.719428,16.934287,21.468743,16.461859,0.0,18.747069,-13.759798000000002,-21.242171,-6.901022,-18.903119,-19.469471,-18.073534,-24.805464,-21.461317,-25.595508,-19.028161,-17.137203,-4.738302,-14.498349,-18.50343,-11.145427,7,53,6,3,17265,63318,79,72,3576,7,98.21897609
0,1,0,3,3,0,3,0.333333,0.0,0.0,0.0,0.333333,510,4,8,4,763,6.931275,22.076928,19.673353,22.255383,6.926551,15,3,3,2,5,2,0,0,0,5,196,0,0,0,8,3.333333,0.333333,68.333333,0.666667,0.333333,0.8888889999999999,0.222222,0.222222,0.222222,14.888889,0.02439,0.333333,1.0,0.153846,0.094488,0.000984,0.25,0.001255,0.0,0.000975,0.00143,0.0,0.111111,0.0,0.004135,0.00689,0.111111,0.0,0.051282000000000015,0.015066,0.003181,0.002222,0.002743,0.001315,3.3e-05,23.872741,52.6712,0.0,0.0,13.853103,8.064899,0.0,5.373163,0.0,2.297197,0.0,5.99246,0.0,0.0,12.31319,15.903638,0.0,6.557784,0.0,10.261501,15.044832,1.0841690000000002,325881.0621,10.364042,5.216952,1,1,0,0,0,1.0,1.0,0.720414,0.731014,0.98724,16.553732999999998,0.0,0.0,0.0,11.592912,-11.331812,-7.760072,-14.693263,-25.436074,-16.679541,-21.902051,-24.805464,-23.934636,-25.596998000000006,-18.389395,-15.617916,-4.738302,-14.498349,-28.119826,-11.436378,8,65,11089534,30,271,3435,2,2,3576,0,98.21897609
0,1,0,3,3,0,3,0.0,0.0,0.0,0.0,0.0,406,1,6,5,949,6.931275,22.076928,19.673353,22.255383,6.926551,8,1,3,2,16,2,0,0,0,2,11,3,1,1,1,14.0,0.333333,68.333333,0.666667,14.0,6.888889,0.0,8153.555556,0.222222,20.222222,0.030581,0.333333,0.12868800000000002,0.166667,0.094364,0.000996,0.25,0.0,0.0,0.016234000000000002,0.122423,0.0,0.25,0.083333,0.016822,0.002739,0.25,0.1,0.051282000000000015,0.018018,1.7e-05,0.024691,0.024691,0.001543,5e-06,141.550073,52.6712,11.687569,0.0,1233.57164,3.456385,5.99246,0.0,0.0,5.399311,3.078917,25.55203,0.0,0.0,49.252761,5.004892,0.0,0.0,4.455441,10.261501,474.88174800000013,1.0841690000000002,1.167248,0.0,5.216952,1,0,0,0,1,0.719317,0.979913,1.0,0.731014,0.972952,20.885118,21.468743,0.0,10.889497,21.161666,-12.609065,-7.760072,-14.935056,-18.903119,-10.938158,-15.716023000000002,-19.477109,-21.468789,-27.690319,-28.098015000000004,-20.168345,-4.4744519999999985,-16.886457,-18.50343,-30.739885,4,54,295,17,1322,63363,7,35,3576,0,98.21897609
0,1,0,1,0,0,1,0.0,0.0,1.0,0.0,0.333333,1601,4,8,7,1413,6.931275,22.076928,19.673353,22.255383,6.926551,68,7,205,2,18,8,0,0,0,4,7,0,1,1,11,0.333333,1.0,0.666667,0.666667,3.333333,0.0,0.0,8153.555556,0.0,9.555556,0.023529,0.333333,0.222222,0.0,0.028037,0.00135,0.2,0.25,0.0,0.006409999999999999,0.003327,0.3,0.2,0.076923,0.001415,0.032026,0.25,0.1,0.055556,0.0,6.1e-05,0.0,0.002743,0.001543,4.4e-05,63.912287,22.076928,11.687569,0.0,30.784503000000004,5.400458,11.984921,0.0,0.0,2.699655,12.315668,25.55203,0.0,0.0,14.931778,8.089164,1.997487,3.895856,0.0,27.406144,1.29454,33.612765,0.0,10.364042,23.129585,0,0,0,0,1,0.7952130000000001,0.465641,0.5713630000000001,0.0,0.898802,9.599771,0.0,26.759999,10.889497,0.35338800000000004,-11.206134,-5.546487,-14.935056,-25.436074,-11.297811,-21.710022,-19.477109,-23.925663,-27.690319,-19.546645,-14.798285,-4.738302,-7.222766,-18.66347,-10.56988,4,65,0,30,16711,11454,5,18,0,0,0.0
2,1,3,0,0,2,3,0.333333,0.0,0.666667,0.666667,0.333333,489,5,9,12,299,6.931275,22.076928,19.673353,22.255383,6.926551,22,3,2,0,5,0,2,2,0,4,35,1,196,0,26,4.666667,1.0,0.0,0.666667,24.0,0.0,0.222222,0.222222,0.0,2.666667,0.030581,0.333333,0.3,0.166667,0.040625,0.00135,0.2,0.0,0.0,0.000975,0.0073370000000000015,0.333333,0.0,0.0,0.026442,0.042682,0.25,0.333333,0.051282000000000015,0.013541999999999998,1.7e-05,0.002222,0.002743,0.001315,0.000244,45.784125,22.076928,0.0,13.366322,30.003402,10.800916,11.984921,5.373163,0.0,8.098966,18.473503,0.0,1237.62361,0.0,76.95743900000002,8.089164,0.0,430.402439,0.0,11.145508,0.294978,33.612765,0.0,0.0,7.922666,0,0,0,0,1,0.987202,0.979913,0.720414,0.0,0.995455,10.705181,20.59276,17.748073,10.889497,11.592912,-15.755644,-5.546487,-6.901022,-18.743972,-15.097902,-19.33689,-21.339609,-23.934636,-25.596998000000006,-19.991092,-18.28721,-4.738302,-4.474536,-18.50343,-16.528394,7,62,6,30,17265,20296,16,13,0,1037,9.633333333
0,1,3,1,0,2,3,0.0,0.333333,0.0,0.666667,0.0,21,10,4,10,1279,6.931275,22.076928,19.673353,22.255383,6.926551,30,7,3,0,31,2,0,2,0,3,1,0,1,0,1,2.333333,0.0,68.333333,0.666667,6.0,0.8888889999999999,0.0,0.0,0.222222,82.666667,0.046512,0.75,0.3,0.0,0.003539,0.001467,0.0,0.001255,0.0,0.002757,0.0,0.25,0.333333,0.083333,0.122538,0.008008,0.0,0.1,0.051282000000000015,0.033398000000000004,1.7e-05,0.002222,0.002743,0.001543,0.0004570000000000001,47.710914,5.99246,11.687569,0.0,30.784503000000004,5.400458,5.99246,0.0,0.0,5.742991,0.0,25.55203,7.985784,7.49424,6.1565949999999985,27.438072,7.358975999999998,3.895856,4.455441,27.406144,79132.90536,0.0,0.0,10.364042,44.480436,0,1,1,0,1,0.8713190000000001,0.979913,0.5713630000000001,0.0,0.995455,19.137171,0.0,17.748073,10.329268,16.264682999999998,-16.651804000000002,-7.760072,-6.901022,-18.743972,-14.428995,-20.784941,-24.805464,-21.458323,-27.690319,-20.58994,-15.001969,-4.738302,-16.886457,-28.119826,-14.028367,3,25,5,1,123,3344,16,35,0,1037,9.633333333
0,1,1,3,3,0,0,0.333333,0.333333,1.0,0.0,0.333333,21,3,3,5,185,6.931275,22.076928,19.673353,22.255383,6.926551,30,1,3,2,6,2,0,0,0,9,35,0,196,1,392,10.0,1.0,1.0,0.666667,2.0,8153.555556,0.0,0.222222,0.222222,82.666667,0.007319,0.75,0.222222,0.0,0.094364,0.006409999999999999,0.0,0.25,0.0,0.003058,0.047233,0.25,0.1,0.083333,0.0033619999999999995,0.008008,0.25,0.042896,0.051282000000000015,0.00269,6.1e-05,0.0,0.0,0.0,5.400000000000001e-05,12.710421,0.0,1291.207316,0.0,30.003402,11.521285,5.99246,0.0,0.0,13.498276999999998,55.420508,8.517342999999999,0.0,0.0,0.0,0.0,7.358975999999998,0.0,0.0,11.145508,117.033637,0.0,1.167248,10.364042,2.78795,0,1,0,0,1,0.8519030000000001,0.465641,1.0,0.0,0.898802,20.885118,0.0,0.0,0.0,18.279205,-11.55585,-7.760072,-8.429024,-25.436074,-13.936148,-20.103511,-19.477109,-23.925663,-25.595508,-19.546645,-15.617916,-4.4744519999999985,-23.634899,-18.50343,-14.503056,8,25,222,30,1066,48022,1,2,0,0,98.21897609
2,1,0,0,3,2,1,0.0,0.333333,1.0,0.666667,0.0,1399,5,6,12,1487,6.931275,22.076928,19.673353,22.255383,6.926551,11,7,205,0,42,8,0,1,0,5,0,1,1,1,11,68.333333,1.0,1.0,0.0,4.666667,5.555556,0.0,0.0,0.0,14.888889,0.003982,0.333333,0.222222,0.166667,0.009235,0.019704,0.25,0.1,0.0,0.003127,0.0073370000000000015,0.25,0.0,0.0,0.021622,0.002739,0.25,0.0,0.0,0.009804,2e-05,0.0,0.0,0.001543,7.000000000000002e-06,73.890351,22.076928,11.687569,0.0,24.627908,4.608514,11.984921,0.0,0.0,8.098966,9.236751,25.55203,7.985784,0.0,9.234893,0.0,17.557067,6.557784,4.455441,4.234835,2.0411490000000003,7.979907000000001,7.736505,0.0,594.5239690000002,1,1,1,0,1,1.0,0.979913,0.0,0.0,0.995455,14.337614000000002,20.59276,17.748073,10.889497,21.600491,-30.363118,-21.242171,-14.935056,-18.903119,-12.777452,-20.784941,-24.805464,-21.458323,-25.596998000000006,-18.26152,-14.505591,-24.041386,-14.498349,-18.66347,-16.567386,1,55,11089534,17,124,49697,12,67,3576,0,0.0
2,1,1,1,3,2,0,0.0,1.0,0.0,0.0,0.333333,164,5,9,13,308,6.931275,22.076928,19.673353,22.255383,6.926551,30,0,0,2,410,1,0,1,0,1,23,1,196,0,12,16.333333,1.0,1.0,0.666667,8.333333,16.222222,0.0,8153.555556,0.0,82.666667,0.01183,0.75,0.666667,0.153846,0.128165,0.008671,0.2,0.0,0.0,0.001311,0.003327,0.25,0.333333,0.083333,0.048493,0.003861,0.233333,0.25,0.051282000000000015,0.00269,6.1e-05,0.002222,0.002743,0.0,4.4e-05,141.550073,0.0,19.673353,0.0,70.792754,0.0,5.99246,15.971567000000002,0.0,6.891589999999999,15.394586,8.517342999999999,0.0,7.49424,76.95743900000002,10.520057,0.0,0.0,4.455441,10.391939,0.0,7.979907000000001,325881.0621,10.364042,3.900733,1,1,0,0,0,0.8553870000000001,1.0,0.5713630000000001,0.0,0.982886,16.934287,21.468743,7.375994,10.889497,20.870281,-15.755644,-5.546487,-7.761830000000002,-18.903119,-11.297811,-16.351573000000002,-19.477109,-23.925663,-27.690319,-19.841019,-15.449379,-4.738302,-3.611597,-18.50343,-11.05159,4,53,11089534,5,220,63318,31,15,3576,7,0.0
0,1,0,1,0,2,1,0.333333,0.333333,0.0,0.0,0.0,2009,2,8,4,680,6.931275,22.076928,19.673353,22.255383,6.926551,3,1,3,2,0,0,0,1,0,5,18,3,0,1,6,3.333333,2.333333,0.666667,0.666667,6.666667,6.888889,0.222222,0.0,0.222222,82.666667,0.000238,0.75,0.222222,0.0,0.045198,0.002086,0.0,0.25,0.0,0.003125,0.122423,0.333333,0.123038,0.0,0.0046240000000000005,0.00689,0.233333,0.222222,0.055556,0.009346,1.7e-05,0.0,0.002743,0.001543,6e-06,15.014677,22.076928,0.0,0.0,70.792754,8.064899,5.99246,0.0,0.0,12.634581,30.789171000000003,8.517342999999999,1237.62361,7.49424,0.0,9.751972,0.0,3.895856,0.0,0.0,320.671684,33.612765,7.736505,10.364042,0.0,0,0,0,0,0,0.994425,1.0,0.0,0.0,0.989938,15.572998000000002,0.0,29.874827000000003,10.889497,18.279205,-14.915244,-21.242171,-14.693263,-25.436074,-13.932493,-18.073534,-24.805464,-21.45982,-27.690319,-18.482719,-15.535053,-4.738302,-3.611597,-18.50343,-30.739885,7,56,295,13,3492,3344,5,15,0,7,98.21897609
1,1,1,0,3,2,3,0.0,0.333333,0.0,0.0,0.0,510,5,8,9,4210,6.931275,22.076928,19.673353,22.255383,6.926551,22,1,2,2,25,1,0,0,0,1,23,1,196,1,18,68.333333,0.333333,1.0,0.0,136.666667,0.222222,0.0,0.0,0.222222,76.222222,0.0,0.333333,0.666667,0.0,0.040625,0.002317,0.2,0.333333,0.0,0.009634,0.006409999999999999,0.0,0.123038,0.076923,0.003958,0.042682,0.0,0.2,0.051282000000000015,0.003078,1.7e-05,0.024691,0.0,0.001315,0.000301,23.872741,5.99246,19.673353,13.366322,12.704504,8.064899,5.99246,0.0,0.0,6.891589999999999,49.262674,8.517342999999999,6.314406,0.0,10.798622,8.089164,17.557067,430.402439,4.455441,27.406144,11.880727,0.0,0.0,10.364042,4.4664470000000005,1,0,1,0,0,0.8686959999999999,0.465641,1.0,0.0,0.898802,9.599771,0.0,10.449928,0.0,18.747069,-20.673887,-21.242171,-20.838749,-18.743972,-16.558097,-18.590461,-19.477109,-23.925663,-27.690319,-19.546645,-13.106894,-4.4744519999999985,-5.14386,-28.119826,-11.411067999999998,1,73,0,3,10122,63568,101,18,3576,1037,0.0
0,1,0,3,3,0,3,0.333333,0.0,1.0,0.666667,0.0,1399,5,10,4,2022,6.931275,22.076928,19.673353,22.255383,6.926551,28,7,3,0,16,0,0,2,0,3,6,0,196,0,5,3.333333,0.0,1.0,0.666667,6.666667,0.8888889999999999,0.0,8153.555556,0.0,0.666667,0.068966,0.333333,1.0,0.153846,0.111531,0.003322,0.25,0.2,0.0,0.011299,0.0034770000000000005,0.333333,0.333333,0.076923,0.049149,0.033401,0.111111,0.333333,0.055556,0.031496,0.003181,0.002222,0.002743,0.001315,0.000393,1.152128,0.0,0.0,0.0,13.853103,1.152128,0.0,15.971567000000002,0.0,0.0,8.100686999999999,25.55203,6.314406,7.49424,18.469785,47.183358,1.997487,3.895856,4.455441,49.95330300000001,3.626893,0.0,325881.0621,0.0,2.78795,0,1,0,0,1,0.8686959999999999,0.465641,0.0,0.0,0.951166,18.140878,0.0,16.461859,10.889497,13.435404,-21.569761,-21.242171,-10.497324,-25.436074,-16.135572,-18.401835,-24.805464,-21.468789,-25.595508,-18.089557,-15.617916,-4.4744519999999985,-23.634899,-18.50343,-14.823006,4,53,2,1,220,63568,1,2,0,0,0.0
1,1,1,3,0,0,1,1.0,0.0,1.0,0.666667,0.333333,1295,0,10,5,503,6.931275,22.076928,19.673353,22.255383,6.926551,205,1,2,0,30,4,1,2,0,8,1,3,0,1,392,1.666667,2.333333,1.0,0.666667,6.0,16.222222,0.222222,0.222222,0.0,9.555556,0.003982,0.75,1.0,0.166667,0.026344,0.006409999999999999,0.25,0.333333,0.0,0.002017,0.017044999999999998,0.0,0.2,0.0,0.019481,0.014228,0.25,0.25,0.055556,0.00118,2e-06,0.0,0.0,0.001543,1.7e-05,63.912287,52.6712,19.673353,13.366322,25.776506,3.456385,0.0,0.0,0.0,2.699655,0.0,8.517342999999999,7.985784,7.49424,15.391488,0.0,7.358975999999998,6.557784,4.455441,37.288493,3.626893,1.0841690000000002,0.0,0.0,316416.4413,1,1,1,0,0,0.7936949999999999,1.0,0.720414,0.0,0.855334,13.208906,20.59276,7.375994,0.0,16.766961,-11.331812,-5.546487,-14.935056,-25.436074,-11.297811,-17.652068,-19.477109,-21.468789,-25.595508,-19.197658,-18.982129,-4.738302,-7.222766,-28.119826,-16.089317,2,73,2,15,16711,49697,4,15,0,0,0.0
2,1,0,3,3,2,3,0.0,0.333333,0.0,0.666667,0.333333,1399,0,3,5,1308,6.931275,22.076928,19.673353,22.255383,6.926551,30,0,2,0,6,0,2,2,0,8,24,0,196,0,37,3.0,0.0,1.0,0.0,4.3333330000000005,38.0,0.222222,8153.555556,0.0,0.8888889999999999,0.00765,0.75,0.666667,0.0,0.020478,0.003003,0.25,0.0,0.0,0.003125,0.0035210000000000007,0.0,0.111111,0.076923,0.014837,0.001191,0.233333,0.042896,0.051282000000000015,0.037177,0.000323,0.024691,0.002743,0.001315,1.7e-05,23.09808,22.076928,1291.207316,13.366322,70.792754,4.608514,11.984921,5.373163,0.0,9.188786,15.394586,25.55203,6.314406,7.49424,33.861273,2.310425,0.0,0.0,0.0,11.145508,16.832181,0.0,1.167248,0.0,1760.5136760000007,0,1,1,0,0,0.8553870000000001,0.0,0.0,0.0,0.909931,0.348174,6.57647,7.375994,10.329268,12.437723,-19.468448,-7.760072,-14.935056,-18.903119,-15.038405,-20.76585,-21.339609,-21.45982,-25.595508,-19.546645,-12.825738,-24.041386,-3.611597,-18.66347,-11.05159,8,46,6,17,280,63318,16,67,3576,1037,9.633333333
0,1,0,3,3,0,1,1.0,0.333333,0.666667,0.666667,1.0,852,3,1593,4,529,6.931275,22.076928,19.673353,22.255383,6.926551,42,1,3,0,25,2,2,0,0,2,1,1,196,1,24,16.333333,2.333333,68.333333,0.0,19.666667,1.555556,0.0,8153.555556,0.222222,266.0,0.020669,0.75,0.222222,0.0,0.074519,0.001249,0.0,0.333333,0.0,0.003058,0.024631,0.333333,0.25,0.083333,0.013378,7.900000000000001e-05,0.0,0.222222,0.0,0.034460000000000005,2e-05,0.002222,0.002743,0.0,7.000000000000002e-06,23.09808,5.99246,11.687569,0.0,25.776506,5.760642,5.99246,0.0,0.0,21.597244,1.152128,25.55203,1237.62361,7.49424,104.662117,4.236807,17.557067,430.402439,4.455441,12.819065,1.29454,1.0841690000000002,0.0,10.364042,16.397251,1,0,1,0,1,0.989961,0.465641,0.0,0.731014,0.951166,7.802556,0.0,0.0,10.889497,0.35338800000000004,-14.915244,-5.546487,-7.761830000000002,-25.436074,-13.055286,-20.784941,-24.805464,-16.424232,-25.595508,-18.389395,-13.124289,-24.041386,-4.474536,-18.66347,-10.56988,3,44,0,13,277,63568,11,15,0,0,98.21897609
0,1,3,3,3,2,1,0.0,0.0,0.666667,0.0,1.0,156,4,6,13,762,6.931275,22.076928,19.673353,22.255383,6.926551,42,1,2,2,13,4,0,1,0,3,196,3,196,1,392,1.666667,0.0,0.666667,0.666667,4.0,0.222222,0.222222,0.222222,0.0,82.666667,0.030581,0.333333,0.0,0.0,0.040625,0.000984,0.25,0.001255,0.0,0.002804,0.017044999999999998,0.3,0.0,0.083333,0.01875,0.008008,0.0,0.25,0.055556,0.031455000000000004,0.000319,0.0,0.002743,0.001543,0.000301,0.0,22.076928,0.0,0.0,21.928252,5.760642,0.0,15.971567000000002,0.0,12.634581,49.262674,0.0,7.985784,7.49424,6.1565949999999985,35.012016,1.997487,3.895856,0.0,411.190547,79132.90536,33.612765,0.0,10.364042,18.887011,1,1,0,0,0,0.921918,0.465641,0.5713630000000001,0.0,1.0,15.572998000000002,0.0,29.874827000000003,10.329268,20.810034,-13.759798000000002,-21.242171,-14.935056,-18.903119,-14.518523000000002,-20.103511,-21.339609,-23.925663,-25.595508,-28.098015000000004,-20.538847,-4.4744519999999985,-14.498349,-18.66347,-14.503056,4,78,11089534,7,16711,63933,11,15,3576,1037,98.21897609
0,1,0,1,0,2,0,1.0,0.0,1.0,0.666667,0.0,327,10,8,9,1279,6.931275,22.076928,19.673353,22.255383,6.926551,9,7,3,0,52,0,0,0,0,1,3,1,1,1,1,3.666667,2.333333,0.0,0.0,10.333333,0.8888889999999999,0.0,0.0,0.0,0.8888889999999999,0.037572,0.333333,0.3,0.0,0.10338,0.006848999999999999,0.2,0.0,0.0,0.002017,0.016611,0.333333,0.333333,0.083333,0.007983,0.0,0.25,0.074074,0.055556,0.009804,7.000000000000002e-06,0.024691,0.024691,0.001315,0.000283,23.872741,52.6712,0.0,13.366322,0.0,4.608514,0.0,0.0,0.0,13.498276999999998,8.100686999999999,25.55203,1237.62361,0.0,70.800844,9.103541,0.0,430.402439,4.455441,11.145508,0.294978,7.979907000000001,0.0,10.364042,19.573792,1,1,1,0,0,0.982281,0.0,0.0,0.731014,0.98724,20.347854,6.57647,0.0,10.889497,13.435404,-16.651804000000002,-5.546487,-14.935056,-18.903119,-12.777452,-19.169219,-24.805464,-21.45982,-25.595508,-16.371578,-16.500438,-4.738302,-7.222766,-18.66347,-12.307938,3,38,222,30,271,65535,5,35,3576,1037,9.633333333
1,1,0,0,0,2,0,1.0,1.0,0.666667,0.666667,0.333333,510,3,3,12,3199,6.931275,22.076928,19.673353,22.255383,6.926551,3,3,0,0,52,8,1,2,0,2,4,3,1,1,12,1.0,0.333333,1.0,0.666667,24.0,5.555556,0.0,0.222222,0.222222,266.0,0.100204,0.0,0.75,0.153846,0.055195000000000015,0.000996,0.0,0.001255,0.0,0.00994,0.019934,0.333333,0.25,0.0,0.014837,0.001327,0.111111,0.074074,0.055556,0.034460000000000005,2e-05,0.0,0.024691,0.0,3.3e-05,15.014677,22.076928,0.0,0.0,21.928252,8.064899,5.99246,15.971567000000002,0.0,12.634581,0.0,5.99246,1237.62361,0.0,104.662117,21.304096,1.997487,3.895856,4.455441,37.288493,1.29454,1.0841690000000002,0.0,10.364042,7.922666,0,1,1,0,1,0.821205,0.465641,1.0,0.731014,0.8427889999999999,16.934287,6.57647,29.874827000000003,10.889497,16.096093,-19.468448,-7.760072,-20.838749,-18.743972,-15.097902,-15.716023000000002,-24.805464,-21.468789,-27.690319,-19.197658,-20.538847,-24.041386,-7.222766,-18.50343,-14.028367,1,56,2,1,123,49697,31,2,0,7,0.0
1,1,3,0,3,2,0,0.0,1.0,1.0,0.0,0.333333,327,1,6,12,4210,6.931275,22.076928,19.673353,22.255383,6.926551,22,1,2,2,1,2,1,2,0,5,3,3,0,0,24,0.333333,0.0,1.0,0.0,4.3333330000000005,236.222222,0.222222,0.0,0.222222,32614.22222,0.046512,0.333333,1.0,0.166667,0.000238,0.000984,0.0,0.001255,0.0,0.003058,0.047233,0.0,0.123038,0.076923,0.047714,0.00255,0.233333,0.074074,0.051282000000000015,0.013541999999999998,0.003181,0.024691,0.002743,0.0,1.7e-05,23.872741,22.076928,1291.207316,0.0,33.436525,8.100686999999999,0.0,0.0,0.0,13.498276999999998,13.501145,0.0,6.314406,7.49424,10.798622,27.438072,7.358975999999998,430.402439,0.0,8.592169,44.465799,7.979907000000001,0.0,0.0,474.97401,1,1,1,0,0,0.974154,1.0,0.720414,0.731014,0.909931,17.595473000000005,6.57647,10.449928,0.0,16.096093,-17.237032,-5.546487,-20.838749,-18.743972,-15.038405,-18.832941,-19.477109,-21.468789,-27.690319,-19.197658,-30.727024,-4.738302,-4.474536,-28.119826,-13.074479,7,73,46,5,1066,20296,4,13,3576,1037,9.633333333
0,1,0,1,0,2,0,1.0,0.0,1.0,0.666667,1.0,287,2,9,13,2022,6.931275,22.076928,19.673353,22.255383,6.926551,0,7,205,0,12,4,1,1,0,4,1,3,196,0,13,5.0,0.333333,68.333333,0.666667,136.666667,14.888889,0.0,8153.555556,0.0,76.222222,0.09589,0.0,0.666667,0.153846,0.094488,0.013289,0.2,0.25,0.0,0.002017,0.005405,0.333333,0.111111,0.083333,0.016822,0.00947,0.0,0.042896,0.0,0.0068260000000000005,1.7e-05,0.002222,0.003213,0.001315,7.000000000000002e-06,141.550073,5.99246,11.687569,13.366322,13.853103,5.400458,5.99246,5.373163,0.0,5.399311,12.315668,5.99246,0.0,0.0,12.31319,0.0,7.358975999999998,430.402439,4.455441,27.406144,0.0,1.0841690000000002,325881.0621,0.0,594.54633,0,0,1,0,1,0.0,0.465641,0.720414,0.0,0.8952459999999999,20.347854,0.0,0.0,10.329268,16.440545,-18.895065,-7.760072,-14.693263,-18.743972,-11.031877,-18.263937,-19.477109,-21.45982,-25.596998000000006,-18.589543,-13.530039000000002,-4.738302,-4.474536,-18.66347,-13.581932,2,53,3,1,271,203,101,67,3576,1037,0.0
1,1,1,3,3,0,0,0.0,0.333333,1.0,0.666667,0.333333,935,4,8,13,337,6.931275,22.076928,19.673353,22.255383,6.926551,42,7,3,2,72,8,0,0,0,2,24,0,196,0,13,14.0,0.0,0.666667,0.666667,0.333333,16.222222,0.0,0.222222,0.0,20.222222,0.030581,0.0,0.12868800000000002,0.0,0.074519,0.000996,0.25,0.2,0.0,0.021635,0.018293,0.3,0.2,0.0,0.001415,0.006409999999999999,0.25,0.1,0.0,0.034188,1.7e-05,0.024691,0.002743,0.0,6e-06,141.550073,5.99246,1291.207316,0.0,13.853103,8.064899,5.99246,15.971567000000002,0.0,5.399311,27.710254,8.517342999999999,7.985784,0.0,21.548083,5.004892,7.358975999999998,3.895856,0.0,24.615236,576.506755,1.0841690000000002,7.736505,0.0,16.397251,0,1,1,0,0,0.921918,0.0,1.0,0.0,0.996225,18.242623,20.59276,26.759999,10.329268,13.435404,-30.363118,-5.546487,-20.838749,-25.436074,-14.428995,-20.784941,-24.805464,-23.934636,-27.690319,-17.869366,-18.529615,-4.738302,-7.222766,-28.119826,-12.307938,7,72,222,15,16711,64034,14,18,0,1037,0.0
0,1,0,1,0,2,3,0.333333,0.333333,0.0,0.666667,0.333333,935,10,9,10,763,6.931275,22.076928,19.673353,22.255383,6.926551,68,0,3,2,12,1,2,1,0,8,0,1,1,0,1,4.666667,2.333333,0.666667,0.666667,10.0,0.8888889999999999,0.0,0.222222,0.222222,82.666667,0.011583,0.0,0.3,0.153846,0.009235,0.003322,0.2,0.25,0.0,0.011869,0.012232,0.333333,0.123038,0.083333,0.016949000000000002,0.00689,0.111111,0.1,0.055556,0.012859,5e-06,0.024691,0.024691,0.001543,1.7e-05,23.872741,0.0,0.0,13.366322,38.859652,8.064899,0.0,0.0,0.0,0.0,8.100686999999999,0.0,6.314406,7.49424,15.391488,9.362167,7.358975999999998,430.402439,4.455441,17.555039999999998,0.0,33.612765,0.0,10.364042,4.858008,0,0,1,0,1,0.821205,0.0,0.0,0.731014,0.8952459999999999,10.979923,0.0,17.748073,10.329268,14.640131,-14.455215,-21.242171,-6.901022,-18.903119,-19.469471,-21.902051,-19.477109,-23.925663,-27.690319,-15.438229000000002,-17.137203,-4.738302,-16.886457,-18.66347,-11.411067999999998,1,25,11089534,5,277,61690,101,35,3576,1037,98.21897609
0,1,3,1,0,0,3,0.0,1.0,1.0,0.0,0.0,301,0,8,6,1308,6.931275,22.076928,19.673353,22.255383,6.926551,28,3,2,2,13,2,0,0,0,2,7,1,1,0,8,22.666667,0.0,1.0,0.666667,2.0,14.888889,0.0,0.222222,0.0,9.555556,0.02439,0.7,0.222222,0.153846,0.100193,0.003003,0.2,0.333333,0.0,0.016216,0.0034770000000000005,0.0,0.2,0.076923,0.000238,0.042682,0.233333,0.1,0.055556,0.011148,0.000293,0.024691,0.002743,0.001543,4.4e-05,45.784125,0.0,11.687569,13.366322,25.776506,3.456385,0.0,15.971567000000002,0.0,5.742991,67.736176,8.517342999999999,6.314406,0.0,49.252761,24.630117,7.358975999999998,430.402439,0.0,42.806079,44.465799,7.979907000000001,1.167248,0.0,0.293173,0,0,0,0,1,0.921918,0.979913,1.0,0.0,0.719428,18.242623,21.468743,29.874827000000003,0.0,18.680795,-18.600382,-7.760072,-6.901022,-18.903119,-14.518523000000002,-19.157904,-21.339609,-24.497864,-25.595508,-16.371578,-13.124289,-4.738302,-4.474536,-18.50343,-13.581932,8,48,5,15,277,63562,7,5,3576,1037,0.0
0,1,0,1,0,2,1,0.0,0.0,0.0,0.666667,1.0,2032,10,3,5,37,6.931275,22.076928,19.673353,22.255383,6.926551,42,3,2,2,1,8,2,2,0,4,0,1,196,1,18,22.666667,2.333333,0.666667,0.666667,6.666667,14.222222,0.222222,0.0,0.0,14.222222,0.028409,0.7,0.3,0.0,0.0,0.003003,0.0,0.1,0.0,0.00994,0.00143,0.25,0.2,0.076923,0.011702,0.00255,0.0,0.2,0.051282000000000015,0.033398000000000004,2e-05,0.024691,0.024691,0.001543,5e-06,15.014677,0.0,11.687569,13.366322,21.928252,2.700229,0.0,0.0,0.0,5.742991,6.1578339999999985,0.0,6.314406,7.49424,12.31319,9.74621,1.997487,3.895856,4.455441,12.819065,117.033637,0.0,0.0,10.364042,19.573792,0,0,0,0,1,0.8553870000000001,1.0,1.0,0.0,0.996225,10.705181,20.59276,0.0,10.889497,16.096093,-14.915244,-5.546487,-8.429024,-18.903119,-15.038405,-20.215679,-24.805464,-23.925663,-25.595508,-18.794758,-11.646141,-24.041386,-23.634899,-28.119826,-11.145427,7,45,2,15,1066,3435,12,4,3576,7,9.633333333
0,1,3,0,0,0,3,0.333333,1.0,0.666667,0.666667,1.0,346,0,6,13,185,6.931275,22.076928,19.673353,22.255383,6.926551,28,7,2,0,25,8,0,2,0,9,3,0,0,0,2,3.333333,1.0,0.666667,0.0,10.333333,5.555556,0.0,8153.555556,0.222222,76.222222,0.09589,0.0,0.12868800000000002,0.166667,0.000238,0.003322,0.0,0.2,0.0,0.002017,0.016611,0.3,0.25,0.083333,0.001978,0.014396,0.233333,0.25,0.051282000000000015,0.003216,0.003181,0.024691,0.002743,0.001543,3.3e-05,63.912287,52.6712,19.673353,13.366322,70.792754,5.400458,0.0,0.0,0.0,2.297197,603.467754,25.55203,7.985784,0.0,1.148598,6.2890120000000005,0.0,3.895856,0.0,411.190547,15.044832,7.979907000000001,0.0,0.0,1760.5136760000007,1,0,1,0,1,0.7936949999999999,0.465641,1.0,0.731014,1.0,10.979923,21.468743,24.233365,10.889497,19.199584,-16.651804000000002,-7.760072,-6.901022,-25.436074,-30.366374,-16.487275,-21.339609,-21.461317,-25.596998000000006,-18.26152,-13.845199,-4.738302,-14.689844,-18.66347,-13.581932,1,55,2,0,210,60996,31,71,0,1037,98.21897609
0,1,3,0,2,2,0,0.0,1.0,1.0,0.0,0.0,1363,10,6,7,503,6.931275,22.076928,19.673353,22.255383,6.926551,49,1,0,0,52,8,2,0,0,0,7,3,196,1,1,4.3333330000000005,0.0,0.0,0.666667,10.333333,82.666667,0.0,0.0,0.222222,38.0,0.020669,0.333333,0.3,0.153846,0.094488,0.00135,0.25,0.333333,0.0,0.001484,0.047233,0.3,0.1,0.083333,0.051282000000000015,0.012524,0.111111,0.222222,0.055556,0.00269,1.7e-05,0.024691,0.003213,0.0,6e-06,45.784125,22.076928,0.0,13.366322,36.159997,0.0,5.99246,15.971567000000002,0.0,21.597244,9.236751,8.517342999999999,1237.62361,0.0,76.95743900000002,9.751972,17.557067,3.895856,4.455441,9.353677,2.094421,1.0841690000000002,325881.0621,10.364042,6.941327,1,0,0,0,1,0.980551,0.0,0.0,0.731014,0.996225,10.979923,6.57647,16.461859,0.0,16.264682999999998,-17.299188,-5.546487,-17.119535,-18.903119,-17.914751000000006,-16.459027,-19.477109,-16.424232,-27.690319,-18.089557,-15.535053,-4.738302,-14.689844,-18.66347,-14.503056,7,62,0,17,541,57107,14,15,3576,1037,98.21897609
0,1,1,0,3,2,0,1.0,1.0,1.0,0.666667,0.0,156,10,10,4,1378,6.931275,22.076928,19.673353,22.255383,6.926551,10,1,2,0,11,3,0,0,0,1,35,0,1,1,6,0.333333,0.333333,68.333333,0.0,10.333333,6.888889,0.0,8153.555556,0.222222,38.0,0.008216,0.75,1.0,0.166667,0.009235,0.019704,0.0,0.1,0.0,0.002177,0.047945,0.0,0.2,0.083333,0.048556,0.010194,0.25,0.333333,0.055556,0.004691,3e-06,0.002222,0.002743,0.001315,1e-06,12.710421,5.99246,11.687569,0.0,38.457194,0.0,0.0,15.971567000000002,0.0,4.594393,12.673413,8.517342999999999,6.314406,0.0,70.800844,0.0,1.997487,0.0,0.0,4.234835,2.094421,0.0,7.736505,10.364042,6.941327,0,0,1,0,1,0.8713190000000001,0.979913,1.0,0.0,0.8745930000000001,14.337614000000002,20.59276,16.461859,10.329268,16.959572,-17.299188,-5.546487,-14.693263,-18.743972,-14.428995,-20.215679,-19.477109,-21.458323,-25.595508,-20.203779,-20.538847,-4.4744519999999985,-16.886457,-28.119826,-13.581932,8,62,46,1,210,63933,16,71,0,7,9.633333333
0,1,3,3,3,0,0,0.333333,0.333333,1.0,0.666667,1.0,1295,2,8,12,37,6.931275,22.076928,19.673353,22.255383,6.926551,42,0,205,2,13,8,0,2,0,1,6,3,196,0,2,3.666667,1.0,0.666667,0.0,4.666667,5.555556,0.0,8153.555556,0.222222,0.666667,0.016141,0.7,0.222222,0.166667,0.003539,0.001467,0.2,0.333333,0.0,0.000708,0.047035,0.3,0.333333,0.0,0.016822,0.032026,0.111111,0.333333,0.051282000000000015,0.013541999999999998,0.003181,0.0,0.002743,0.0,0.000301,23.09808,5.99246,0.0,0.0,24.627908,11.521285,5.99246,15.971567000000002,0.0,4.594393,15.394586,5.99246,7.985784,7.49424,14.931778,7.69936,17.557067,6.557784,4.455441,10.001134,4.853224,7.979907000000001,325881.0621,10.364042,320.53368,1,0,1,0,1,0.989961,0.0,0.5713630000000001,0.0,0.982886,20.885118,6.57647,17.748073,0.0,13.965276,-15.55564,-7.760072,-17.119535,-25.436074,-16.135572,-15.716023000000002,-19.477109,-23.925663,-27.690319,-18.794758,-18.040458,-4.4744519999999985,-23.634899,-28.119826,-20.568074,3,51,5,7,220,3435,11,67,3576,7,98.21897609
1,1,0,0,3,0,0,0.0,0.333333,1.0,0.0,0.333333,1438,0,0,9,2051,6.931275,22.076928,19.673353,22.255383,6.926551,28,7,205,0,72,4,1,2,0,2,4,3,1,1,18,10.0,2.333333,68.333333,0.666667,10.333333,0.8888889999999999,0.222222,0.222222,0.222222,0.8888889999999999,0.019231,0.0,0.222222,0.153846,0.000238,0.00135,0.25,0.001255,0.0,0.001312,0.006409999999999999,0.0,0.2,0.0,0.006116,0.00947,0.25,0.333333,0.051282000000000015,0.02484,1e-06,0.002222,0.003213,0.001315,2e-06,24.267493,5.99246,0.0,13.366322,70.792754,8.064899,5.99246,5.373163,0.0,4.594393,12.673413,25.55203,7.985784,7.49424,1.148598,5.004892,7.358975999999998,430.402439,4.455441,23.597585,0.294978,0.0,1.167248,0.0,316416.4413,1,0,1,0,0,0.8686959999999999,0.465641,0.720414,0.0,0.996225,20.435484,6.57647,16.461859,10.329268,19.199584,-13.966048,-7.760072,-10.497324,-18.743972,-16.135572,-21.902051,-21.339609,-21.461317,-25.595508,-28.098015000000004,-12.825738,-24.041386,-3.611597,-28.119826,-12.947616,1,45,6,13,1484,53749,17,18,0,7,0.0
0,1,3,0,3,0,3,1.0,0.0,0.0,0.666667,0.333333,346,4,9,6,2022,6.931275,22.076928,19.673353,22.255383,6.926551,3,0,2,0,10,4,1,0,0,1,35,1,196,1,26,4.3333330000000005,2.333333,0.666667,0.666667,24.0,14.222222,0.0,0.0,0.0,20.222222,0.02439,0.0,0.0,0.153846,0.074519,0.003322,0.25,0.001255,0.0,0.00994,0.011811,0.0,0.2,0.083333,0.016949000000000002,7.900000000000001e-05,0.25,0.042896,0.0,0.033398000000000004,1.7e-05,0.024691,0.0,0.001315,7.000000000000002e-06,63.912287,52.6712,11.687569,0.0,24.627908,11.521285,5.99246,0.0,0.0,13.498276999999998,0.0,0.0,7.985784,0.0,12.31319,7.95758,1.997487,0.0,0.0,12.953217,117.033637,33.612765,0.0,10.364042,61.124916000000006,0,0,1,0,0,0.989585,1.0,0.5713630000000001,0.0,0.8427889999999999,19.137171,0.0,24.233365,10.889497,21.161666,-21.569761,-21.242171,-8.429024,-25.436074,-14.428995,-20.784941,-24.805464,-21.458323,-25.596998000000006,-19.629811,-11.525277,-24.041386,-16.886457,-18.66347,-20.568074,1,68,6,1,1066,60996,14,10,0,0,98.21897609
0,1,3,0,0,2,3,0.333333,1.0,0.666667,0.666667,0.0,852,5,10,9,185,6.931275,22.076928,19.673353,22.255383,6.926551,1,1,0,2,16,1,0,1,0,2,2,3,0,0,13,0.0,0.333333,1.0,0.0,19.666667,2.666667,0.0,0.222222,0.222222,5.555556,0.023529,0.333333,0.6,0.153846,0.018142,0.002347,0.25,0.333333,0.0,0.001312,0.011811,0.0,0.2,0.083333,0.007983,0.015504,0.0,0.2,0.0,0.033398000000000004,0.0,0.024691,0.0,0.001315,5.400000000000001e-05,105.036047,52.6712,11.687569,13.366322,38.457194,2.700229,0.0,5.373163,0.0,0.0,9.236751,5.99246,7.985784,0.0,18.469785,205.64437,0.0,0.0,4.455441,0.382866,4.853224,33.612765,1.167248,10.364042,7.922666,0,1,1,0,1,0.987202,0.465641,0.720414,0.0,0.98724,12.941469,20.59276,10.449928,10.329268,18.747069,-20.673887,-5.546487,-17.119535,-18.743972,-13.932493,-18.791859,-21.339609,-21.45982,-27.690319,-16.208807999999998,-11.276709,-24.041386,-23.634899,-18.50343,-14.823006,1,38,6,13,271,53749,3,56,3576,1037,0.0
0,1,3,3,2,2,1,1.0,0.333333,1.0,0.666667,0.333333,1399,0,10,5,337,6.931275,22.076928,19.673353,22.255383,6.926551,30,1,3,0,17,1,2,1,0,8,18,1,0,0,0,68.333333,0.0,1.0,0.666667,14.0,14.222222,0.0,0.222222,0.222222,2.666667,0.003574000000000001,0.333333,0.0,0.166667,0.011561,0.008671,0.25,0.25,0.0,0.001484,0.001493,0.25,0.123038,0.0,0.122538,0.010194,0.111111,0.25,0.055556,0.015066,3e-06,0.0,0.003213,0.001315,3.3e-05,27.310622,52.6712,19.673353,13.366322,82.21843100000002,11.521285,11.984921,15.971567000000002,0.0,4.594393,98.525348,5.99246,7.985784,7.49424,55.409356,47.183358,0.0,3.895856,4.455441,12.953217,0.0,33.612765,1.167248,0.0,0.0,0,0,1,0,1,0.994425,0.979913,0.5713630000000001,0.731014,0.909931,7.802556,20.59276,24.233365,10.889497,21.161666,-20.673887,-7.760072,-6.901022,-25.436074,-12.777452,-16.487275,-19.477109,-23.925663,-27.690319,-18.768342,-13.845199,-4.738302,-3.611597,-28.119826,-14.503056,3,51,2,5,116,61690,4,14,0,7,98.21897609
2,1,1,3,0,0,1,1.0,0.333333,1.0,0.0,0.333333,406,3,3,5,519,6.931275,22.076928,19.673353,22.255383,6.926551,15,1,0,0,20,4,0,2,0,4,24,1,196,1,8,1.0,0.333333,0.0,0.0,19.666667,0.0,0.222222,8153.555556,0.0,1.555556,0.096078,0.7,0.0,0.166667,0.054054,0.002086,0.2,0.25,0.0,0.009634,0.011765,0.25,0.333333,0.076923,0.047714,0.003943,0.233333,0.333333,0.0,7.900000000000001e-05,0.000323,0.024691,0.024691,0.001315,0.000393,1.152128,22.076928,0.0,0.0,24.627908,1.152128,11.984921,0.0,0.0,12.634581,8.100686999999999,8.517342999999999,0.0,0.0,18.469785,5.004892,1.997487,0.0,4.455441,24.615236,79132.90536,0.0,1.167248,0.0,4.858008,1,1,1,0,0,0.8442700000000001,1.0,0.0,0.731014,0.909931,12.941469,20.59276,10.449928,10.889497,16.440545,-15.55564,-7.760072,-20.838749,-18.743972,-17.716791,-18.590461,-21.339609,-23.925663,-25.595508,-19.546645,-18.982129,-4.738302,-16.886457,-28.119826,-11.05159,1,45,295,2,220,63933,11,10,0,7,0.0
3,1,3,0,0,0,0,0.0,0.0,1.0,0.666667,0.333333,2032,10,0,10,763,6.931275,22.076928,19.673353,22.255383,6.926551,30,0,2,2,59,4,2,2,0,1,23,0,196,0,24,10.0,0.333333,0.666667,0.666667,4.0,6.888889,0.0,0.222222,0.222222,14.222222,0.008216,0.7,0.222222,0.166667,0.10338,0.002366,0.25,0.2,0.0,0.016216,0.001493,0.0,0.2,0.0,0.003958,0.00947,0.111111,0.222222,0.0,0.009804,7.000000000000002e-06,0.024691,0.0,0.001315,0.000283,29.238631,22.076928,19.673353,0.0,13.853103,3.456385,5.99246,0.0,0.0,5.742991,15.394586,5.99246,7.985784,0.0,21.548083,27.438072,0.0,0.0,0.0,8.592169,4.853224,33.612765,0.0,10.364042,61.124916000000006,1,1,0,0,0,0.8713190000000001,1.0,0.720414,0.731014,0.989609,14.337614000000002,20.59276,16.461859,0.0,16.096093,-14.915244,-7.760072,-20.838749,-25.436074,-13.936148,-16.487275,-24.805464,-21.461317,-27.690319,-20.203779,-14.091448000000002,-4.738302,-4.474536,-18.50343,-13.078398,3,43,0,13,220,14472,101,9,0,7,9.633333333
0,1,0,0,2,2,0,1.0,0.333333,0.0,0.0,1.0,287,1,1593,5,167,6.931275,22.076928,19.673353,22.255383,6.926551,49,7,205,2,6,8,1,0,0,0,3,0,1,0,2,3.0,1.0,0.666667,0.666667,6.666667,6.888889,0.0,0.222222,0.0,2.666667,0.000238,0.75,0.666667,0.166667,0.038576,0.002841,0.2,0.1,0.0,0.011299,0.016517,0.333333,0.123038,0.083333,0.001415,0.00255,0.25,0.074074,0.055556,0.0,5e-06,0.0,0.002743,0.001315,4.4e-05,63.912287,22.076928,1291.207316,13.366322,73.84570699999998,5.760642,5.99246,15.971567000000002,0.0,10.798622,98.525348,5.99246,1237.62361,0.0,1206.692642,7.69936,17.557067,0.0,4.455441,4.617701,1.29454,1.0841690000000002,7.736505,0.0,61.124916000000006,1,1,0,0,0,0.821205,0.0,0.720414,0.731014,0.719428,20.885118,21.468743,10.449928,0.0,18.747069,-18.776644,-5.546487,-10.497324,-25.436074,-13.936148,-15.741228,-19.477109,-23.934636,-25.596998000000006,-18.482719,-30.727024,-4.738302,-7.222766,-28.119826,-12.388381,7,72,5,30,17265,61690,12,13,3576,1037,9.633333333
0,1,0,0,3,0,0,0.333333,1.0,0.0,0.666667,0.0,1268,5,6,7,949,6.931275,22.076928,19.673353,22.255383,6.926551,15,0,2,0,0,2,0,1,0,0,1,3,0,1,0,5.3333330000000005,0.333333,0.666667,0.666667,8.333333,38.0,0.0,8153.555556,0.222222,38.0,0.046512,0.333333,0.222222,0.0,0.029412,0.0,0.2,0.1,0.0,0.010033,0.047945,0.3,0.25,0.0,0.006116,0.007843000000000001,0.0,0.222222,0.051282000000000015,0.008781,2e-06,0.024691,0.003213,0.001543,1.7e-05,29.255915,22.076928,19.673353,13.366322,73.84570699999998,2.700229,0.0,0.0,0.0,5.742991,13.501145,8.517342999999999,6.314406,0.0,1206.692642,7.69936,7.358975999999998,3.895856,0.0,11.145508,44.465799,1.0841690000000002,0.0,0.0,7.922666,0,1,0,0,0,0.987202,1.0,1.0,0.731014,0.323085,16.553732999999998,0.0,16.461859,10.889497,19.199584,-11.55585,-5.546487,-14.935056,-18.903119,-14.428995,-19.312206,-21.339609,-21.461317,-25.596998000000006,-17.743246,-14.798285,-4.4744519999999985,-16.886457,-18.50343,-16.500564,2,53,3,3,1484,63540,17,18,0,7,98.21897609
0,1,1,3,2,2,1,0.333333,1.0,0.666667,0.0,0.333333,852,3,9,13,2051,6.931275,22.076928,19.673353,22.255383,6.926551,10,1,0,0,12,1,0,2,0,3,1,3,0,0,4,1.0,0.333333,0.666667,0.0,14.0,0.0,0.222222,0.0,0.0,1.555556,0.008216,0.75,0.0,0.0,0.011561,0.001467,0.0,0.333333,0.0,0.015123,0.045098,0.333333,0.111111,0.083333,0.001415,0.00947,0.233333,0.1,0.0,0.004587,0.0,0.002222,0.002743,0.0,0.000393,28.086502000000007,22.076928,1291.207316,0.0,21.928252,3.456385,11.984921,5.373163,0.0,1.148598,67.736176,5.99246,1237.62361,0.0,1.148598,8.089164,1.997487,430.402439,4.455441,8.592169,0.0,0.0,0.0,10.364042,2.78795,0,1,0,0,0,0.968431,0.0,0.720414,0.0,0.844249,16.010314,21.468743,29.874827000000003,0.0,19.882456,-17.237032,-5.546487,-14.693263,-18.743972,-14.992026999999998,-15.741228,-21.339609,-21.45982,-27.690319,-20.203779,-13.124289,-4.738302,-7.222766,-28.119826,-12.388381,1,34,295,7,283,3435,12,13,0,7,9.633333333
0,1,1,0,2,2,0,1.0,0.333333,1.0,0.666667,0.0,346,5,5,9,3199,6.931275,22.076928,19.673353,22.255383,6.926551,30,1,0,2,10,2,2,1,0,1,24,0,196,0,6,10.0,1.0,0.666667,0.666667,3.333333,14.888889,0.0,0.0,0.222222,5.555556,0.011583,0.333333,0.6,0.0,0.094488,0.006848999999999999,0.25,0.25,0.0,0.016234000000000002,0.0,0.25,0.1,0.076923,0.048556,0.0,0.233333,0.042896,0.0,7.900000000000001e-05,7.000000000000002e-06,0.002222,0.0,0.0,0.000301,31.956144,5.99246,19.673353,0.0,35.34393400000001,0.0,5.99246,15.971567000000002,0.0,6.891589999999999,15.394586,25.55203,1237.62361,0.0,70.800844,6.2890120000000005,17.557067,0.0,0.0,7.309417,16.832181,1.0841690000000002,1.167248,10.364042,16.397251,1,0,1,0,0,0.968431,1.0,0.5713630000000001,0.731014,0.995455,18.140878,21.468743,26.759999,10.889497,16.096093,-14.685626999999998,-7.760072,-7.761830000000002,-18.743972,-16.624509,-19.33689,-21.339609,-21.461317,-25.596998000000006,-19.197658,-13.845199,-24.041386,-14.498349,-18.66347,-14.503056,8,63,6,1,17265,64034,101,14,0,0,9.633333333
0,1,0,0,2,0,0,0.333333,1.0,0.0,0.666667,1.0,666,3,4,12,156,6.931275,22.076928,19.673353,22.255383,6.926551,22,1,2,2,20,4,0,1,0,5,4,3,0,0,11,4.666667,2.333333,0.666667,0.0,4.666667,1.555556,0.222222,8153.555556,0.222222,14.222222,0.0,0.0,0.222222,0.153846,0.000238,0.009174,0.25,0.25,0.0,0.003058,0.00143,0.3,0.123038,0.0,0.019481,0.014228,0.0,0.0,0.055556,0.018398,0.000323,0.024691,0.0,0.0,6e-06,12.710421,5.99246,11.687569,0.0,0.0,8.064899,5.99246,15.971567000000002,0.0,13.498276999999998,6.1578339999999985,8.517342999999999,7.985784,7.49424,70.800844,9.751972,17.557067,0.0,0.0,9.353677,1553.930881,0.0,325881.0621,0.0,5.216952,1,1,1,0,0,0.8519030000000001,1.0,0.0,0.0,0.898802,16.934287,0.0,24.233365,10.889497,20.870281,-15.55564,-21.242171,-20.838749,-25.436074,-19.469471,-17.652068,-19.477109,-23.925663,-27.690319,-18.589543,-20.538847,-4.738302,-4.474536,-18.66347,-18.100689000000006,3,63,0,0,280,63562,5,71,0,0,9.633333333
1,1,1,3,2,0,0,1.0,0.333333,1.0,0.0,0.333333,1399,4,9,13,529,6.931275,22.076928,19.673353,22.255383,6.926551,0,3,0,2,0,2,1,0,0,5,0,1,196,1,4,9.333333,0.333333,0.666667,0.0,0.0,14.222222,0.222222,0.222222,0.222222,82.666667,0.096078,0.75,0.75,0.153846,0.029412,0.001467,0.0,0.333333,0.0,0.001311,0.00143,0.25,0.111111,0.076923,0.001978,0.001191,0.25,0.2,0.0,0.003854,2e-06,0.002222,0.0,0.001543,0.000458,24.267493,0.0,11.687569,13.366322,38.859652,8.064899,11.984921,0.0,0.0,4.594393,18.473503,8.517342999999999,1237.62361,7.49424,55.409356,35.012016,1.997487,3.895856,0.0,411.190547,42.879431,33.612765,0.0,0.0,75.339929,1,1,1,0,1,0.921918,0.465641,0.0,0.0,0.995455,15.468397,6.57647,17.748073,0.0,12.437723,-18.567793,-7.760072,-14.693263,-25.436074,-15.0819,-20.784941,-24.805464,-21.45982,-25.596998000000006,-18.768342,-14.505591,-4.4744519999999985,-4.474536,-28.119826,-13.825417000000002,1,62,2,15,124,203,101,13,3576,0,9.633333333
0,1,1,0,2,2,1,0.0,0.333333,0.0,0.0,0.333333,1268,1,0,7,1308,6.931275,22.076928,19.673353,22.255383,6.926551,28,0,2,0,0,3,2,0,0,8,18,3,0,0,5,5.3333330000000005,0.0,1.0,0.0,3.333333,16.222222,0.0,0.222222,0.0,32614.22222,0.024024,0.0,0.3,0.0,0.055195000000000015,0.001467,0.0,0.333333,0.0,0.00994,0.016611,0.0,0.123038,0.076923,0.007983,0.014228,0.111111,0.042896,0.055556,0.018018,3.4e-05,0.002222,0.002743,0.001543,5.400000000000001e-05,12.710421,0.0,11.687569,13.366322,30.003402,0.0,5.99246,5.373163,0.0,2.699655,15.394586,25.55203,0.0,0.0,1.148598,9.751972,7.358975999999998,3.895856,0.0,12.819065,15.044832,7.979907000000001,0.0,0.0,44.480436,0,1,1,0,0,0.8553870000000001,0.465641,0.5713630000000001,0.0,0.841036,20.435484,20.59276,24.233365,10.889497,16.264682999999998,-15.755644,-7.760072,-10.497324,-25.436074,-12.487989,-18.590461,-21.339609,-21.461317,-25.596998000000006,-19.028161,-20.538847,-24.041386,-23.634899,-28.119826,-17.754203,8,78,0,15,1049,64034,4,9,3576,1037,98.21897609
0,1,1,0,3,2,1,0.333333,0.0,1.0,0.0,0.333333,1056,1,9,6,865,6.931275,22.076928,19.673353,22.255383,6.926551,5,7,0,2,59,1,2,2,0,2,23,1,0,0,5,14.0,1.0,0.0,0.666667,10.333333,14.222222,0.0,0.222222,0.222222,20.222222,0.030581,0.333333,0.6,0.166667,0.033445,0.002139,0.2,0.333333,0.0,0.004412,0.0073370000000000015,0.0,0.333333,0.0,0.000238,0.001327,0.233333,0.222222,0.051282000000000015,0.018398,2e-06,0.0,0.002743,0.001315,0.000458,45.784125,5.99246,1291.207316,13.366322,25.776506,2.700229,11.984921,0.0,0.0,13.498276999999998,12.673413,0.0,6.314406,0.0,18.469785,24.630117,0.0,6.557784,4.455441,12.953217,79132.90536,33.612765,325881.0621,0.0,44.480436,0,1,0,0,1,0.989961,0.0,0.720414,0.0,0.98316,17.595473000000005,0.0,29.874827000000003,0.0,9.749707,-12.609065,-7.760072,-10.497324,-18.903119,-16.624509,-19.312206,-19.477109,-21.468789,-25.595508,-19.629811,-30.727024,-4.4744519999999985,-5.14386,-18.66347,-16.089317,7,43,46,13,256,3435,12,15,3576,1037,9.633333333
0,1,0,3,0,0,1,0.0,0.0,1.0,0.666667,1.0,2032,1,6,10,308,6.931275,22.076928,19.673353,22.255383,6.926551,3,7,205,0,17,3,0,1,0,1,10,3,196,0,26,3.0,0.333333,0.0,0.666667,8.333333,8153.555556,0.0,0.0,0.0,5.555556,0.023529,0.75,0.0,0.0,0.10338,0.009174,0.25,0.1,0.0,0.002757,0.005405,0.0,0.25,0.076923,0.012645,0.031963,0.25,0.074074,0.051282000000000015,0.0,0.000319,0.0,0.002743,0.001315,0.000393,6.931275,22.076928,19.673353,0.0,73.84570699999998,0.0,11.984921,5.373163,0.0,21.597244,98.525348,5.99246,0.0,7.49424,1.148598,27.438072,0.0,0.0,4.455441,12.053332,2.094421,1.0841690000000002,0.0,10.364042,23.129585,1,0,1,0,0,0.8519030000000001,0.465641,0.5713630000000001,0.0,0.323085,17.086598000000002,6.57647,16.461859,10.889497,21.161666,-13.966048,-7.760072,-7.761830000000002,-18.903119,-11.297811,-19.153105,-21.339609,-21.458323,-27.690319,-18.089557,-18.040458,-24.041386,-23.634899,-28.119826,-12.388381,4,34,222,17,116,61690,11,35,3576,0,0.0
2,1,0,3,2,0,0,1.0,0.333333,1.0,0.666667,0.333333,301,10,9,5,1378,6.931275,22.076928,19.673353,22.255383,6.926551,49,0,3,0,72,8,2,1,0,9,35,3,1,0,4,4.3333330000000005,2.333333,0.666667,0.0,6.0,8153.555556,0.0,0.0,0.0,32614.22222,0.00765,0.75,0.6,0.166667,0.028037,0.000984,0.0,0.0,0.0,0.001311,0.0035210000000000007,0.25,0.111111,0.076923,0.048556,0.007843000000000001,0.0,0.333333,0.0,0.018398,3.7e-05,0.024691,0.003213,0.0,2e-05,31.956144,52.6712,1291.207316,0.0,13.853103,8.100686999999999,0.0,5.373163,0.0,9.188786,3.078917,8.517342999999999,7.985784,7.49424,14.931778,10.520057,1.997487,3.895856,0.0,0.382866,0.0,33.612765,325881.0621,0.0,19.573792,1,1,1,0,0,0.0,0.0,1.0,0.0,0.972952,16.934287,6.57647,16.461859,10.889497,16.752113,-12.981821,-7.760072,-17.119535,-25.436074,-17.914751000000006,-19.33689,-19.477109,-21.468789,-25.595508,-15.438229000000002,-13.530039000000002,-4.738302,-16.886457,-18.50343,-12.307938,2,23,3,2,271,63540,17,67,3576,0,9.633333333
1,1,0,0,3,2,1,1.0,1.0,1.0,0.0,1.0,346,2,5,5,680,6.931275,22.076928,19.673353,22.255383,6.926551,30,1,3,2,52,8,1,1,0,2,5,0,0,1,24,4.3333330000000005,2.333333,0.0,0.666667,5.3333330000000005,14.888889,0.222222,0.0,0.222222,266.0,0.000238,0.75,0.6,0.153846,0.00544,0.002841,0.0,0.333333,0.0,0.00125,0.006409999999999999,0.333333,0.25,0.0,0.004135,0.007843000000000001,0.0,0.074074,0.055556,0.004587,2e-05,0.024691,0.002743,0.001315,0.0004570000000000001,31.956144,52.6712,0.0,0.0,54.594821,3.456385,5.99246,15.971567000000002,0.0,8.098966,18.473503,5.99246,7.985784,7.49424,49.252761,9.74621,1.997487,6.557784,0.0,12.819065,42.879431,7.979907000000001,325881.0621,0.0,4.858008,1,1,1,0,0,0.921918,1.0,0.0,0.0,0.898802,10.705181,6.57647,29.874827000000003,10.889497,0.35338800000000004,-15.042419,-5.546487,-7.761830000000002,-18.903119,-16.624509,-21.419394,-21.339609,-21.468789,-27.690319,-18.014035999999994,-20.538847,-4.4744519999999985,-16.886457,-18.50343,-13.074479,7,38,11089534,3,115,60996,101,35,0,0,98.21897609
2,1,1,1,3,2,1,0.333333,0.0,0.0,0.666667,1.0,146,1,9,7,2051,6.931275,22.076928,19.673353,22.255383,6.926551,42,0,0,2,1,1,0,0,0,3,0,3,196,0,2,9.333333,0.0,1.0,0.0,6.0,0.666667,0.222222,0.0,0.222222,32614.22222,0.128045,0.0,0.3,0.166667,0.00544,0.008671,0.0,0.2,0.0,0.001312,0.047945,0.25,0.333333,0.083333,0.0,0.031963,0.233333,0.074074,0.051282000000000015,0.034188,1e-06,0.024691,0.002743,0.001543,6e-06,15.014677,0.0,19.673353,13.366322,12.704504,1.152128,11.984921,15.971567000000002,0.0,4.594393,67.736176,25.55203,7.985784,7.49424,70.800844,15.261375,1.997487,430.402439,0.0,11.145508,86.303274,0.0,1.167248,10.364042,0.0,0,0,0,0,1,0.7952130000000001,0.0,1.0,0.731014,0.98316,0.348174,21.468743,16.461859,10.329268,15.256367,-16.651804000000002,-5.546487,-7.761830000000002,-25.436074,-10.938158,-20.784941,-19.477109,-23.925663,-25.596998000000006,-15.457345000000002,-17.074485,-4.738302,-4.474536,-18.50343,-10.56988,1,54,295,15,1322,63933,11,35,0,1037,9.633333333
0,1,3,0,0,0,1,1.0,0.333333,0.0,0.666667,0.0,406,1,5,13,416,6.931275,22.076928,19.673353,22.255383,6.926551,3,0,205,2,31,4,1,2,0,9,7,3,1,0,11,10.0,1.0,0.666667,0.0,136.666667,14.888889,0.222222,8153.555556,0.0,0.666667,0.024024,0.75,0.75,0.0,0.00544,0.019704,0.2,0.0,0.0,0.003058,0.001493,0.333333,0.2,0.083333,0.004135,0.014228,0.0,0.042896,0.0,0.02484,0.000293,0.024691,0.003213,0.001315,7.000000000000002e-06,0.0,52.6712,0.0,13.366322,30.784503000000004,3.456385,5.99246,5.373163,0.0,13.498276999999998,603.467754,5.99246,7.985784,0.0,10.798622,0.384043,17.557067,6.557784,0.0,12.819065,42.879431,1.0841690000000002,1.167248,10.364042,19.573792,1,0,1,0,0,0.8442700000000001,0.979913,0.0,0.731014,0.972952,10.705181,6.57647,26.759999,10.889497,16.096093,-12.981821,-21.242171,-8.429024,-25.436074,-30.366374,-19.937663,-19.477109,-21.458323,-27.690319,-17.667506,-13.845199,-24.041386,-14.689844,-18.50343,-13.581932,2,23,1,2,283,63318,31,10,3576,0,98.21897609
0,1,1,1,0,0,3,0.333333,0.333333,1.0,0.666667,1.0,2032,4,3,13,1413,6.931275,22.076928,19.673353,22.255383,6.926551,1,7,0,2,1,3,2,0,0,2,4,0,196,0,4,2.666667,0.333333,68.333333,0.0,17.333333,0.222222,0.0,0.0,0.0,0.666667,0.01183,0.7,0.222222,0.0,0.033445,0.003003,0.0,0.0,0.0,0.002177,0.001493,0.25,0.333333,0.083333,0.006116,0.030589,0.233333,0.333333,0.055556,0.009804,5e-06,0.002222,0.003213,0.0,0.000301,1.152128,52.6712,19.673353,13.366322,35.34393400000001,0.0,5.99246,15.971567000000002,0.0,2.297197,18.473503,5.99246,1237.62361,7.49424,104.662117,35.012016,7.358975999999998,0.0,4.455441,24.615236,1553.930881,1.0841690000000002,7.736505,0.0,4.858008,0,0,1,0,1,0.8713190000000001,0.979913,0.0,0.0,0.0,11.080956,21.468743,26.759999,10.329268,19.882456,-14.455215,-7.760072,-17.119535,-25.436074,-17.357854,-20.32919,-24.805464,-16.424232,-27.690319,-21.917967,-20.168345,-4.4744519999999985,-14.689844,-28.119826,-12.388381,3,38,6,15,280,53749,1,10,3576,1037,9.633333333
0,1,3,1,3,2,3,0.0,0.0,1.0,0.666667,0.333333,4199,2,5,4,503,6.931275,22.076928,19.673353,22.255383,6.926551,22,1,3,2,6,0,0,1,0,1,1,0,196,1,392,10.0,2.333333,0.666667,0.666667,8.333333,6.888889,0.222222,0.0,0.0,0.0,0.003574000000000001,0.75,0.222222,0.0,0.003539,0.006848999999999999,0.0,0.25,0.0,0.000708,0.010453,0.0,0.333333,0.083333,0.049149,0.030589,0.233333,0.0,0.055556,0.003216,2e-05,0.0,0.003213,0.001315,0.0004570000000000001,31.956144,52.6712,19.673353,13.366322,35.34393400000001,0.0,5.99246,15.971567000000002,0.0,12.634581,18.473503,0.0,7.985784,0.0,70.800844,5.004892,1.997487,6.557784,4.455441,18.198274,4.853224,33.612765,7.736505,10.364042,19.573792,1,0,1,0,0,0.974154,1.0,0.0,0.731014,0.982886,17.086598000000002,6.57647,7.375994,10.329268,15.256367,-15.55564,-21.242171,-6.901022,-25.436074,-15.0819,-19.312206,-21.339609,-21.461317,-27.690319,-18.014035999999994,-14.091448000000002,-4.738302,-3.611597,-18.66347,-17.754203,1,78,5,0,1322,50023,16,67,3576,0,0.0
0,1,3,1,3,2,1,0.333333,0.333333,0.0,0.0,1.0,301,0,6,6,337,6.931275,22.076928,19.673353,22.255383,6.926551,0,7,3,0,410,2,1,1,0,0,5,1,0,1,12,10.0,0.333333,0.666667,0.666667,3.666667,14.222222,0.222222,0.222222,0.0,9.555556,0.042683,0.75,0.222222,0.166667,0.100193,0.000984,0.2,0.1,0.0,0.021635,0.005521,0.0,0.123038,0.083333,0.006116,0.042682,0.25,0.333333,0.055556,0.033398000000000004,0.000323,0.024691,0.0,0.001543,0.000301,6.931275,22.076928,0.0,13.366322,1233.57164,8.064899,11.984921,5.373163,0.0,13.498276999999998,3.078917,0.0,6.314406,7.49424,70.800844,0.0,1.997487,430.402439,4.455441,18.198274,576.506755,1.0841690000000002,1.167248,0.0,4.858008,1,1,0,0,1,0.719317,0.979913,0.720414,0.731014,0.8427889999999999,19.137171,0.0,0.0,10.889497,13.435404,-12.609065,-21.242171,-17.119535,-18.743972,-21.601468,-21.710022,-19.477109,-21.461317,-27.690319,-18.589543,-11.646141,-4.738302,-4.474536,-18.50343,-12.307938,4,56,5,30,115,14472,17,14,3576,7,0.0
0,1,3,0,2,0,0,0.333333,1.0,0.0,0.0,0.333333,2032,3,8,9,1451,6.931275,22.076928,19.673353,22.255383,6.926551,9,3,205,2,12,3,0,1,0,9,24,1,0,1,13,1.666667,0.0,0.666667,0.0,1.666667,0.222222,0.0,8153.555556,0.0,32614.22222,0.128045,0.7,0.12868800000000002,0.0,0.018142,0.0,0.2,0.001255,0.0,0.000975,0.001493,0.0,0.111111,0.076923,0.122538,0.002739,0.233333,0.1,0.0,0.012859,8e-06,0.002222,0.002743,0.0,0.0004570000000000001,23.09808,22.076928,19.673353,0.0,33.436525,4.608514,11.984921,5.373163,0.0,9.188786,9.236751,25.55203,0.0,7.49424,21.548083,5.904969,1.997487,0.0,4.455441,17.555039999999998,42.879431,33.612765,0.0,0.0,6.941327,1,1,1,0,1,0.8686959999999999,0.465641,0.5713630000000001,0.731014,0.844249,16.553732999999998,21.468743,29.874827000000003,10.329268,15.256367,-13.966048,-5.546487,-7.761830000000002,-25.436074,-18.335164,-16.487275,-21.339609,-23.934636,-25.596998000000006,-19.629811,-16.500438,-4.738302,-4.474536,-18.66347,-14.028367,8,68,2,2,16711,63363,2,15,3576,7,9.633333333
0,1,3,1,0,2,3,0.333333,0.0,0.0,0.0,0.333333,852,2,0,12,308,6.931275,22.076928,19.673353,22.255383,6.926551,15,3,2,2,20,4,0,2,0,4,196,3,1,1,392,16.333333,2.333333,0.666667,0.0,136.666667,0.8888889999999999,0.222222,0.222222,0.222222,5.555556,0.023529,0.0,1.0,0.166667,0.009235,0.002086,0.25,0.25,0.0,0.000708,0.010453,0.333333,0.2,0.083333,0.014837,7.900000000000001e-05,0.233333,0.0,0.051282000000000015,0.018018,2e-06,0.002222,0.003213,0.001315,0.000393,31.956144,52.6712,0.0,13.366322,25.776506,10.800916,11.984921,0.0,0.0,2.297197,49.262674,5.99246,1237.62361,7.49424,1206.692642,9.362167,7.358975999999998,0.0,0.0,7.309417,15.479891,1.0841690000000002,0.0,10.364042,1760.5136760000007,0,1,1,0,1,0.8686959999999999,0.0,0.0,0.731014,0.8745930000000001,17.086598000000002,0.0,10.449928,10.889497,19.882456,-14.685626999999998,-7.760072,-6.901022,-25.436074,-13.932493,-19.33689,-19.477109,-16.424232,-25.595508,-20.58994,-18.28721,-24.041386,-16.886457,-28.119826,-20.568074,2,66,295,1,60654,61690,3,9,0,0,9.633333333
1,1,3,1,2,0,1,0.333333,1.0,0.0,0.0,0.333333,852,5,4,7,3199,6.931275,22.076928,19.673353,22.255383,6.926551,205,7,3,2,42,1,2,1,0,5,1,0,196,0,8,0.333333,1.0,0.666667,0.666667,10.333333,1.555556,0.222222,8153.555556,0.222222,1.555556,0.100204,0.7,1.0,0.153846,0.0,0.002139,0.0,0.1,0.0,0.021635,0.047233,0.3,0.333333,0.076923,0.011702,0.015504,0.0,0.333333,0.051282000000000015,0.02484,0.000319,0.002222,0.003213,0.001315,0.0,105.036047,52.6712,19.673353,0.0,38.859652,0.0,0.0,5.373163,0.0,2.699655,6.1578339999999985,5.99246,7.985784,7.49424,55.409356,9.103541,7.358975999999998,430.402439,0.0,0.382866,2.0411490000000003,33.612765,1.167248,10.364042,18.887011,1,1,1,0,1,0.7936949999999999,0.0,0.5713630000000001,0.0,1.0,20.435484,6.57647,24.233365,10.329268,13.965276,-11.331812,-7.760072,-14.693263,-18.903119,-30.366374,-16.459027,-24.805464,-21.45982,-27.690319,-15.457345000000002,-15.001969,-4.4744519999999985,-14.498349,-18.66347,-16.089317,7,63,2,2,208,63363,17,15,3576,0,98.21897609
0,1,1,3,3,0,0,1.0,0.0,0.0,0.666667,0.0,510,10,6,9,320,6.931275,22.076928,19.673353,22.255383,6.926551,10,7,3,2,16,8,0,2,0,4,6,1,0,0,5,0.0,0.0,0.0,0.0,2.0,82.666667,0.0,0.222222,0.0,0.8888889999999999,0.011583,0.7,0.3,0.153846,0.094488,0.002139,0.0,0.25,0.0,0.010033,0.016611,0.333333,0.2,0.083333,0.048493,0.0,0.233333,0.2,0.055556,0.004691,0.000293,0.002222,0.0,0.001543,0.000283,24.267493,52.6712,11.687569,13.366322,111.86548,8.100686999999999,11.984921,5.373163,0.0,4.594393,8.100686999999999,25.55203,6.314406,0.0,9.234893,7.69936,7.358975999999998,6.557784,4.455441,17.555039999999998,86.303274,0.0,1.167248,10.364042,5.216952,0,1,1,0,0,0.821205,0.979913,0.5713630000000001,0.0,0.898802,0.0,0.0,0.0,0.0,16.096093,-20.673887,-5.546487,-10.497324,-18.903119,-11.297811,-21.902051,-21.339609,-21.458323,-27.690319,-19.197658,-18.040458,-4.4744519999999985,-14.498349,-18.66347,-12.388381,4,38,46,1,1322,49923,2,18,0,1037,98.21897609
0,1,0,1,3,0,3,0.0,0.333333,1.0,0.666667,0.0,287,10,10,10,1378,6.931275,22.076928,19.673353,22.255383,6.926551,68,3,205,2,30,1,1,0,0,0,6,0,0,0,0,2.666667,2.333333,68.333333,0.666667,4.0,76.222222,0.222222,0.0,0.222222,0.222222,0.00765,0.0,0.75,0.166667,0.074519,0.012195,0.25,0.333333,0.0,0.011976,0.0035210000000000007,0.25,0.2,0.0,0.046243,0.033401,0.111111,0.222222,0.051282000000000015,0.031496,8e-06,0.0,0.003213,0.001315,0.003187,12.710421,0.0,11.687569,0.0,0.0,8.064899,0.0,0.0,0.0,5.742991,603.467754,0.0,7.985784,0.0,15.391488,0.384043,7.358975999999998,0.0,0.0,10.001134,117.033637,1.0841690000000002,325881.0621,0.0,0.293173,1,1,1,0,1,0.8713190000000001,0.0,0.0,0.731014,0.855334,16.010314,0.0,16.461859,10.889497,13.965276,-15.042419,-7.760072,-17.119535,-18.743972,-15.038405,-16.351573000000002,-24.805464,-16.424232,-25.595508,-18.389395,-13.124289,-4.4744519999999985,-14.498349,-18.50343,-16.567386,2,23,5,15,1066,57867,4,10,3576,7,98.21897609
0,1,0,1,0,0,1,1.0,1.0,0.0,0.666667,0.333333,301,5,10,13,680,6.931275,22.076928,19.673353,22.255383,6.926551,7,7,2,0,5,2,1,2,0,2,196,1,1,1,6,3.0,0.0,1.0,0.0,5.3333330000000005,1.555556,0.222222,0.222222,0.0,5.555556,0.091768,0.75,1.0,0.166667,0.055195000000000015,0.003322,0.2,0.25,0.0,0.003468,0.003327,0.0,0.111111,0.083333,0.000238,0.015504,0.233333,0.0,0.051282000000000015,0.042722,0.00043,0.024691,0.003213,0.001315,2e-06,29.238631,22.076928,11.687569,13.366322,70.792754,3.456385,0.0,0.0,0.0,1.148598,1.152128,8.517342999999999,7.985784,0.0,10.798622,7.95758,1.997487,0.0,4.455441,0.0,474.88174800000013,33.612765,0.0,10.364042,594.5239690000002,1,0,0,0,0,0.8553870000000001,0.979913,1.0,0.0,0.909931,11.080956,20.59276,0.0,0.0,20.810034,-14.455215,-5.546487,-7.761830000000002,-25.436074,-10.938158,-21.710022,-19.477109,-16.424232,-25.595508,-18.389395,-18.982129,-4.738302,-16.886457,-18.50343,-12.947616,1,63,6,13,283,64034,13,14,0,1037,9.633333333
1,1,0,0,3,2,1,1.0,0.333333,0.0,0.0,1.0,666,2,0,5,156,6.931275,22.076928,19.673353,22.255383,6.926551,10,7,205,0,410,4,2,0,0,8,35,1,196,0,2,14.0,0.0,1.0,0.0,14.0,14.222222,0.222222,8153.555556,0.222222,76.222222,0.011583,0.333333,0.222222,0.0,0.026344,0.001467,0.0,0.25,0.0,0.002017,0.0073370000000000015,0.333333,0.123038,0.083333,0.011976,0.001191,0.111111,0.333333,0.0,0.004691,0.0,0.0,0.003213,0.001315,6e-06,29.255915,22.076928,19.673353,0.0,33.436525,4.608514,0.0,5.373163,0.0,2.297197,18.473503,8.517342999999999,0.0,0.0,49.252761,10.520057,0.0,6.557784,0.0,11.781311,15.479891,7.979907000000001,1.167248,10.364042,23.129585,1,0,1,0,0,0.980551,0.465641,0.720414,0.0,0.951166,12.941469,21.468743,0.0,10.889497,16.752113,-18.776644,-7.760072,-17.119535,-25.436074,-12.487989,-18.832941,-24.805464,-16.424232,-27.690319,-19.180736,-15.535053,-4.4744519999999985,-3.611597,-18.66347,-15.041401,3,56,2,2,220,63540,101,13,0,1037,0.0
0,1,0,3,0,0,1,0.333333,0.0,0.666667,0.666667,0.0,301,4,3,12,763,6.931275,22.076928,19.673353,22.255383,6.926551,3,0,205,2,12,1,2,0,0,9,11,0,1,0,1,14.0,0.0,1.0,0.666667,19.666667,6.888889,0.0,0.0,0.0,0.0,0.008216,0.0,0.0,0.166667,0.011561,0.001467,0.0,0.001255,0.0,0.021635,0.047233,0.333333,0.25,0.076923,0.001415,0.001191,0.233333,0.0,0.055556,0.037177,3e-06,0.024691,0.002743,0.001315,5e-06,15.014677,0.0,19.673353,13.366322,12.704504,8.064899,0.0,15.971567000000002,0.0,5.399311,603.467754,8.517342999999999,1237.62361,7.49424,14.931778,0.0,1.997487,430.402439,4.455441,4.234835,0.294978,33.612765,7.736505,0.0,3.900733,0,1,1,0,0,0.8519030000000001,0.0,0.0,0.731014,0.98316,13.315239000000002,6.57647,10.449928,0.0,9.749707,-18.567793,-21.242171,-17.119535,-18.743972,-14.428995,-16.459027,-21.339609,-21.468789,-27.690319,-19.028161,-17.137203,-4.4744519999999985,-7.222766,-18.50343,-30.739885,4,45,1,0,124,3435,31,71,3576,0,9.633333333
0,1,0,0,3,0,0,1.0,0.0,1.0,0.666667,0.333333,327,2,6,10,1378,6.931275,22.076928,19.673353,22.255383,6.926551,1,7,2,0,20,3,0,0,0,0,5,3,1,0,8,2.333333,1.0,1.0,0.666667,6.666667,16.222222,0.222222,0.0,0.222222,82.666667,0.016141,0.7,1.0,0.0,0.055195000000000015,0.003322,0.25,0.1,0.0,0.0,0.014451,0.0,0.111111,0.076923,0.007983,0.00947,0.25,0.0,0.0,0.011976,3.4e-05,0.024691,0.002743,0.001543,1e-06,616.933111,0.0,1291.207316,13.366322,21.928252,0.0,5.99246,5.373163,0.0,5.742991,603.467754,0.0,1237.62361,0.0,1206.692642,0.0,7.358975999999998,3.895856,4.455441,27.406144,42.879431,7.979907000000001,1.167248,0.0,7.922666,1,1,1,0,0,0.921918,0.465641,0.0,0.0,0.821175,10.979923,0.0,16.461859,0.0,14.640131,-21.569761,-21.242171,-14.693263,-18.903119,-21.601468,-16.351573000000002,-24.805464,-23.925663,-25.595508,-18.389395,-11.402698,-24.041386,-14.498349,-18.66347,-19.226044,8,34,46,30,115,3435,4,13,0,7,9.633333333
0,1,3,0,0,0,3,0.0,0.0,1.0,0.0,1.0,1399,1,9,13,1451,6.931275,22.076928,19.673353,22.255383,6.926551,68,3,2,0,1,3,0,2,0,1,5,0,1,0,5,4.666667,0.333333,68.333333,0.666667,10.333333,14.222222,0.0,8153.555556,0.222222,2.666667,0.007319,0.7,1.0,0.153846,0.011561,0.000984,0.2,0.1,0.0,0.001312,0.006409999999999999,0.3,0.25,0.083333,0.007983,0.001327,0.25,0.2,0.055556,0.034188,0.0,0.024691,0.002743,0.0,0.0004570000000000001,6.931275,0.0,0.0,13.366322,24.627908,8.100686999999999,11.984921,5.373163,0.0,5.399311,12.673413,5.99246,0.0,7.49424,12.31319,10.652048,7.358975999999998,6.557784,4.455441,10.001134,15.479891,0.0,325881.0621,0.0,5.216952,1,1,0,0,0,0.968431,0.465641,0.5713630000000001,0.731014,1.0,16.934287,6.57647,26.759999,10.329268,17.53163,-16.021352,-7.760072,-10.497324,-18.743972,-16.558097,-18.590461,-19.477109,-24.497864,-27.690319,-18.389395,-15.449379,-4.738302,-4.474536,-28.119826,-15.041401,7,51,1,15,283,61690,13,2,3576,0,9.633333333
0,1,3,0,2,0,3,0.0,0.0,0.666667,0.666667,1.0,4199,4,1593,4,4210,6.931275,22.076928,19.673353,22.255383,6.926551,42,7,0,0,18,4,0,0,0,8,35,3,0,1,6,9.333333,1.0,0.0,0.0,6.0,16.222222,0.222222,0.0,0.222222,14.222222,0.028409,0.75,0.666667,0.153846,0.0,0.003322,0.2,0.2,0.0,0.001312,0.047945,0.0,0.1,0.0,0.011702,0.00255,0.233333,0.25,0.055556,0.001813,3.4e-05,0.024691,0.003213,0.001315,1e-06,1.152128,0.0,1291.207316,0.0,82.21843100000002,2.700229,5.99246,5.373163,0.0,21.597244,98.525348,8.517342999999999,7.985784,0.0,14.931778,2.310425,0.0,430.402439,0.0,4.234835,13.091389,1.0841690000000002,325881.0621,10.364042,44.480436,1,0,0,0,0,0.7936949999999999,1.0,0.0,0.0,0.996225,9.599771,0.0,17.748073,0.0,0.35338800000000004,-11.331812,-21.242171,-8.429024,-18.903119,-12.373167,-20.103511,-19.477109,-23.925663,-25.595508,-17.667506,-14.505591,-24.041386,-7.222766,-18.50343,-14.028367,4,56,222,3,2173,63363,1,72,0,1037,0.0
0,1,0,0,3,2,0,0.333333,0.0,0.666667,0.0,0.0,156,4,8,6,1413,6.931275,22.076928,19.673353,22.255383,6.926551,0,1,3,2,25,1,0,0,0,0,5,1,196,0,2,0.0,0.0,0.0,0.0,5.666667,0.8888889999999999,0.0,0.0,0.0,32614.22222,0.003574000000000001,0.0,0.3,0.153846,0.10338,0.002086,0.2,0.333333,0.0,0.000708,0.006409999999999999,0.3,0.0,0.076923,0.122538,0.003943,0.111111,0.042896,0.0,0.034188,3.4e-05,0.002222,0.002743,0.001543,0.000301,24.267493,52.6712,0.0,0.0,1233.57164,1.152128,0.0,5.373163,0.0,2.297197,55.420508,25.55203,1237.62361,0.0,14.931778,9.103541,0.0,0.0,0.0,12.819065,1.29454,0.0,0.0,0.0,4.858008,0,0,0,0,0,0.968431,0.979913,0.0,0.0,0.323085,16.934287,0.0,17.748073,10.889497,16.959572,-14.685626999999998,-7.760072,-8.429024,-18.903119,-13.57417,-21.902051,-19.477109,-24.497864,-25.595508,-17.667506,-12.825738,-4.4744519999999985,-5.14386,-18.50343,-11.436378,8,56,5,17,541,63933,101,56,3576,1037,0.0
0,1,1,0,2,2,0,0.333333,0.333333,1.0,0.666667,1.0,1475,5,3,13,156,6.931275,22.076928,19.673353,22.255383,6.926551,68,1,2,0,30,1,1,1,0,2,6,3,0,0,26,0.0,1.0,0.0,0.666667,8.333333,1.555556,0.0,0.222222,0.0,68.222222,0.030581,0.7,0.6,0.166667,0.029412,0.001467,0.25,0.333333,0.0,0.001311,0.014451,0.333333,0.1,0.0,0.051282000000000015,0.00244,0.233333,0.0,0.055556,0.003078,0.00043,0.002222,0.002743,0.001315,2e-05,1.152128,5.99246,19.673353,0.0,1233.57164,5.760642,11.984921,0.0,0.0,10.798622,603.467754,8.517342999999999,7.985784,0.0,104.662117,7.69936,17.557067,0.0,4.455441,7.309417,0.6947260000000001,1.0841690000000002,0.0,10.364042,3.900733,1,0,0,0,0,0.323574,0.465641,0.720414,0.0,0.844249,10.979923,20.59276,7.375994,10.329268,18.279205,-15.55564,-7.760072,-14.693263,-18.903119,-13.936148,-18.073534,-24.805464,-23.934636,-25.596998000000006,-18.26152,-14.505591,-24.041386,-7.222766,-28.119826,-16.996328,3,55,46,7,208,14472,16,14,0,1037,0.0
0,1,0,1,0,2,0,0.0,0.0,1.0,0.666667,0.333333,1601,10,1593,5,680,6.931275,22.076928,19.673353,22.255383,6.926551,16,1,0,2,72,3,2,2,0,5,24,1,196,1,26,3.0,2.333333,1.0,0.0,5.3333330000000005,14.888889,0.0,8153.555556,0.0,76.222222,0.01183,0.7,0.666667,0.0,0.029412,0.006848999999999999,0.25,0.0,0.0,0.016234000000000002,0.003327,0.25,0.111111,0.0,0.001415,0.007843000000000001,0.233333,0.0,0.055556,0.031455000000000004,1e-06,0.002222,0.003213,0.001543,1e-06,23.09808,5.99246,1291.207316,0.0,128.418238,10.800916,0.0,15.971567000000002,0.0,2.297197,9.236751,25.55203,7.985784,0.0,6.1565949999999985,21.304096,1.997487,430.402439,0.0,4.617701,8.824852,0.0,0.0,0.0,75.339929,1,1,0,0,0,0.7952130000000001,0.979913,0.720414,0.0,0.855334,19.137171,21.468743,24.233365,10.889497,21.161666,-16.021352,-21.242171,-8.429024,-18.743972,-18.335164,-28.080339,-19.477109,-23.934636,-25.596998000000006,-18.014035999999994,-11.525277,-4.738302,-4.474536,-28.119826,-13.581932,8,43,46,2,277,63540,2,72,0,0,98.21897609
2,1,1,0,0,0,1,0.333333,0.0,0.0,0.666667,0.0,156,10,9,10,3199,6.931275,22.076928,19.673353,22.255383,6.926551,30,1,3,0,18,2,2,2,0,8,4,0,0,0,11,1.666667,2.333333,0.0,0.0,3.333333,0.0,0.0,8153.555556,0.0,20.222222,0.091768,0.7,0.3,0.153846,0.040625,0.002841,0.25,0.1,0.0,0.015123,0.019934,0.333333,0.333333,0.083333,0.019118,0.031963,0.0,0.1,0.055556,0.015066,3.7e-05,0.024691,0.024691,0.001315,5e-06,63.912287,5.99246,1291.207316,13.366322,1233.57164,5.400458,5.99246,5.373163,0.0,8.098966,15.394586,25.55203,0.0,7.49424,33.861273,27.438072,0.0,0.0,0.0,18.198274,3.626893,7.979907000000001,7.736505,10.364042,6.941327,1,0,1,0,0,0.821205,1.0,1.0,0.0,0.909931,14.026719,0.0,17.748073,10.329268,16.440545,-14.685626999999998,-7.760072,-20.838749,-25.436074,-30.366374,-18.590461,-19.477109,-21.45982,-25.596998000000006,-20.203779,-11.525277,-24.041386,-14.689844,-28.119826,-13.825417000000002,2,72,295,13,256,63363,4,2,3576,0,9.633333333
0,1,1,3,0,0,1,0.0,1.0,0.666667,0.666667,0.0,21,1,4,12,680,6.931275,22.076928,19.673353,22.255383,6.926551,14,3,3,0,13,3,2,1,0,3,24,0,1,0,18,22.666667,2.333333,68.333333,0.0,17.333333,14.222222,0.0,0.222222,0.222222,82.666667,0.0,0.7,0.666667,0.166667,0.011561,0.006969,0.2,0.25,0.0,0.002757,0.047233,0.333333,0.25,0.083333,0.048493,0.003861,0.25,0.2,0.0,0.013541999999999998,3.7e-05,0.0,0.002743,0.0,5e-06,82.314215,22.076928,11.687569,0.0,13.853103,8.064899,11.984921,5.373163,0.0,12.634581,1.152128,5.99246,7.985784,7.49424,104.662117,9.103541,1.997487,6.557784,0.0,0.0,11.880727,7.979907000000001,1.167248,10.364042,0.293173,0,1,1,0,0,0.8519030000000001,1.0,0.5713630000000001,0.731014,0.844249,0.348174,0.0,24.233365,10.889497,16.959572,-15.755644,-5.546487,-8.429024,-18.743972,-13.932493,-19.312206,-21.339609,-16.424232,-25.595508,-18.389395,-11.276709,-4.4744519999999985,-5.14386,-18.66347,-12.947616,7,45,2,3,541,49923,31,10,3576,1037,98.21897609
0,1,0,3,2,0,1,0.0,0.0,1.0,0.0,1.0,164,2,8,12,949,6.931275,22.076928,19.673353,22.255383,6.926551,49,7,3,2,410,8,2,2,0,9,1,1,1,1,13,7.333333,2.333333,0.0,0.0,6.0,0.222222,0.222222,0.222222,0.222222,82.666667,0.003574000000000001,0.75,0.0,0.153846,0.014073,0.002086,0.2,0.25,0.0,0.001312,0.047035,0.25,0.2,0.076923,0.021622,0.001327,0.111111,0.0,0.051282000000000015,0.034188,3.4e-05,0.002222,0.003213,0.001315,5.400000000000001e-05,24.267493,52.6712,11.687569,13.366322,111.86548,1.152128,5.99246,0.0,0.0,5.399311,98.525348,5.99246,1237.62361,0.0,15.391488,4.236807,0.0,0.0,0.0,42.806079,8.824852,1.0841690000000002,325881.0621,0.0,594.54633,1,0,0,0,0,0.8713190000000001,0.0,0.5713630000000001,0.731014,0.898802,14.026719,0.0,7.375994,10.889497,15.256367,-14.685626999999998,-5.546487,-6.901022,-18.903119,-17.716791,-20.32919,-24.805464,-24.497864,-25.596998000000006,-15.438229000000002,-15.449379,-24.041386,-16.886457,-18.50343,-16.500564,3,38,295,5,10122,63540,31,2,3576,1037,98.21897609
0,1,0,0,3,2,3,1.0,0.333333,0.0,0.0,0.333333,406,5,5,9,865,6.931275,22.076928,19.673353,22.255383,6.926551,7,1,2,2,30,3,0,0,0,5,10,1,196,1,13,7.333333,2.333333,0.0,0.0,17.333333,38.0,0.222222,0.222222,0.222222,20.222222,0.030581,0.75,0.666667,0.166667,0.035927999999999995,0.006409999999999999,0.0,0.333333,0.0,0.002757,0.024631,0.333333,0.1,0.0,0.012645,0.008008,0.25,0.2,0.0,0.001813,8e-06,0.002222,0.0,0.001543,5.400000000000001e-05,29.238631,22.076928,11.687569,13.366322,24.627908,8.100686999999999,5.99246,0.0,0.0,2.699655,30.789171000000003,8.517342999999999,0.0,7.49424,10.798622,6.2890120000000005,7.358975999999998,0.0,0.0,11.781311,2.0411490000000003,0.0,0.0,10.364042,6.941327,1,0,1,0,1,0.987202,0.0,0.5713630000000001,0.0,0.995185,10.979923,0.0,26.759999,10.889497,16.755041000000002,-13.906925,-21.242171,-6.901022,-18.903119,-17.716791,-19.937663,-24.805464,-23.925663,-27.690319,-20.203779,-11.276709,-4.738302,-5.14386,-28.119826,-12.307938,8,66,11089534,3,16711,63318,7,5,0,0,98.21897609
0,1,3,3,0,0,1,0.333333,0.0,0.0,0.666667,0.0,1475,0,3,12,320,6.931275,22.076928,19.673353,22.255383,6.926551,7,0,3,0,6,0,0,2,0,2,2,0,0,1,18,16.333333,0.0,0.0,0.0,19.666667,0.222222,0.222222,0.222222,0.0,76.222222,0.023529,0.333333,1.0,0.166667,0.054054,0.000984,0.0,0.1,0.0,0.009634,0.047035,0.0,0.0,0.083333,0.006116,0.00813,0.233333,0.0,0.051282000000000015,0.00118,1.7e-05,0.002222,0.024691,0.001543,6e-06,105.036047,0.0,11.687569,13.366322,54.594821,5.400458,0.0,15.971567000000002,0.0,2.699655,12.315668,25.55203,6.314406,0.0,1206.692642,5.904969,7.358975999999998,430.402439,4.455441,11.145508,117.033637,7.979907000000001,1.167248,10.364042,474.97401,1,1,1,0,1,0.8519030000000001,0.979913,0.720414,0.731014,0.98724,20.347854,20.59276,24.233365,10.889497,21.600491,-13.759798000000002,-5.546487,-14.935056,-18.903119,-14.992026999999998,-18.590461,-19.477109,-21.458323,-25.595508,-17.869366,-15.617916,-24.041386,-4.474536,-18.66347,-11.145427,2,54,0,1,16711,63562,4,67,0,1037,0.0
0,1,1,1,2,0,3,1.0,0.0,1.0,0.666667,0.333333,1475,1,9,7,1279,6.931275,22.076928,19.673353,22.255383,6.926551,0,3,2,2,59,2,2,0,0,4,1,1,1,0,392,3.666667,1.0,0.0,0.0,24.0,6.888889,0.222222,0.0,0.0,68.222222,0.006102000000000001,0.7,0.6,0.153846,0.045198,0.003003,0.25,0.001255,0.0,0.002757,0.019934,0.3,0.333333,0.076923,0.003958,0.042682,0.25,0.074074,0.0,0.006047,2e-05,0.002222,0.0,0.001315,5e-06,12.710421,5.99246,1291.207316,13.366322,31.175817,8.064899,11.984921,0.0,0.0,4.594393,49.262674,0.0,6.314406,0.0,14.931778,24.630117,1.997487,430.402439,0.0,27.406144,0.6947260000000001,7.979907000000001,0.0,10.364042,5.216952,0,1,1,0,0,0.821205,0.0,0.5713630000000001,0.731014,0.972952,13.208906,21.468743,26.759999,0.0,16.766961,-11.331812,-21.242171,-7.761830000000002,-18.743972,-15.0819,-16.459027,-24.805464,-21.45982,-27.690319,-18.794758,-20.538847,-24.041386,-4.474536,-18.66347,-13.385779,2,54,2,2,123,50023,101,13,3576,0,9.633333333
1,1,0,1,0,0,3,1.0,0.0,0.0,0.666667,0.0,156,3,10,7,949,6.931275,22.076928,19.673353,22.255383,6.926551,13,3,3,0,5,0,1,0,0,1,2,1,0,1,18,7.333333,2.333333,0.0,0.666667,3.666667,14.888889,0.222222,0.0,0.222222,266.0,0.008216,0.75,0.3,0.166667,0.013761,0.003003,0.0,0.2,0.0,0.001312,0.00143,0.25,0.111111,0.0,0.007983,0.022989,0.233333,0.2,0.0,0.034460000000000005,5e-06,0.0,0.003213,0.001543,0.0004570000000000001,45.784125,0.0,11.687569,13.366322,1.148598,1.152128,5.99246,5.373163,0.0,5.399311,30.789171000000003,0.0,6.314406,0.0,9.234893,9.362167,0.0,0.0,0.0,8.209303,42.879431,7.979907000000001,7.736505,10.364042,4.858008,1,0,1,0,0,0.7936949999999999,1.0,0.0,0.0,0.8745930000000001,10.705181,21.468743,29.874827000000003,10.329268,14.530013,-15.755644,-21.242171,-8.429024,-18.903119,-15.0819,-21.902051,-19.477109,-21.461317,-27.690319,-21.917967,-17.074485,-4.738302,-16.886457,-18.50343,-16.089317,1,53,5,0,271,50023,13,10,0,0,9.633333333
1,1,0,1,2,2,3,0.333333,0.0,0.0,0.666667,0.0,287,3,4,6,865,6.931275,22.076928,19.673353,22.255383,6.926551,9,0,3,0,410,3,2,1,0,3,24,1,196,0,8,1.0,2.333333,0.666667,0.666667,19.666667,14.222222,0.0,8153.555556,0.0,266.0,0.068966,0.333333,0.222222,0.0,0.035927999999999995,0.006409999999999999,0.0,0.001255,0.0,0.003161,0.005521,0.25,0.123038,0.083333,0.046243,0.032026,0.0,0.222222,0.055556,0.031455000000000004,3.4e-05,0.0,0.002743,0.001543,6e-06,23.09808,22.076928,19.673353,0.0,25.776506,11.521285,0.0,5.373163,0.0,6.891589999999999,18.473503,25.55203,7.985784,7.49424,6.1565949999999985,9.103541,0.0,3.895856,4.455441,4.234835,2.0411490000000003,7.979907000000001,1.167248,10.364042,320.53368,1,1,0,0,0,0.7936949999999999,0.0,0.0,0.0,0.982886,16.010314,21.468743,26.759999,10.889497,16.766961,-11.331812,-7.760072,-6.901022,-18.903119,-10.938158,-20.215679,-21.339609,-23.934636,-25.595508,-17.667506,-15.001969,-4.4744519999999985,-16.886457,-18.66347,-13.581932,4,46,5,17,16711,14472,31,15,3576,7,0.0
0,1,1,3,2,2,3,0.0,1.0,0.0,0.666667,0.333333,301,10,3,7,1070,6.931275,22.076928,19.673353,22.255383,6.926551,42,0,205,0,17,3,1,1,0,1,4,0,1,0,6,1.666667,0.0,1.0,0.666667,0.333333,5.555556,0.0,8153.555556,0.0,82.666667,0.003574000000000001,0.7,0.12868800000000002,0.166667,0.028037,0.002086,0.2,0.1,0.0,0.006409999999999999,0.0035210000000000007,0.3,0.1,0.083333,0.021622,0.014228,0.111111,0.333333,0.055556,0.00118,1.7e-05,0.024691,0.002743,0.001315,0.000283,28.086502000000007,52.6712,1291.207316,13.366322,52.665121,5.760642,5.99246,5.373163,0.0,10.798622,3.078917,25.55203,1237.62361,0.0,9.234893,5.004892,7.358975999999998,430.402439,4.455441,24.615236,16.832181,33.612765,325881.0621,0.0,19.573792,0,1,0,0,1,0.0,0.0,0.5713630000000001,0.0,0.898802,9.599771,21.468743,26.759999,10.329268,9.749707,-12.609065,-7.760072,-17.119535,-18.743972,-15.0819,-20.215679,-21.339609,-16.424232,-25.595508,-19.841019,-13.530039000000002,-4.738302,-14.689844,-18.50343,-13.385779,3,72,3,15,16711,11454,7,9,3576,0,0.0
0,1,1,0,0,0,3,0.0,0.0,0.0,0.666667,0.333333,1438,2,10,10,320,6.931275,22.076928,19.673353,22.255383,6.926551,7,7,205,2,16,4,0,2,0,8,35,1,0,1,11,5.0,0.0,1.0,0.0,5.666667,6.888889,0.222222,8153.555556,0.222222,76.222222,0.046512,0.333333,0.222222,0.166667,0.10256400000000003,0.00818,0.25,0.2,0.0,0.003125,0.010453,0.3,0.111111,0.0,0.049149,0.042682,0.111111,0.042896,0.055556,0.033398000000000004,3.7e-05,0.002222,0.002743,0.0,2e-05,6.931275,52.6712,11.687569,0.0,128.418238,8.100686999999999,11.984921,5.373163,0.0,12.634581,1.152128,8.517342999999999,0.0,7.49424,49.252761,205.64437,7.358975999999998,0.0,0.0,0.382866,1.29454,7.979907000000001,325881.0621,0.0,126.093411,1,1,0,0,1,0.719317,0.0,0.0,0.731014,0.972952,7.734533,6.57647,16.461859,10.889497,18.680795,-11.331812,-21.242171,-17.119535,-25.436074,-17.716791,-16.459027,-24.805464,-21.468789,-25.595508,-16.208807999999998,-12.825738,-4.738302,-7.222766,-18.50343,-12.947616,7,46,0,30,541,11454,11,3,3576,1037,0.0
0,1,3,0,0,0,1,1.0,1.0,0.666667,0.0,1.0,1056,10,8,4,1413,6.931275,22.076928,19.673353,22.255383,6.926551,205,0,205,2,59,8,0,1,0,8,35,3,196,1,18,3.0,1.0,68.333333,0.0,0.0,236.222222,0.0,0.222222,0.0,14.888889,0.02439,0.333333,0.0,0.166667,0.009235,0.001467,0.2,0.25,0.0,0.015123,0.012232,0.3,0.2,0.083333,0.011702,0.005379999999999999,0.25,0.0,0.0,0.006047,3e-06,0.002222,0.003213,0.0,0.000244,17.714906,0.0,11.687569,0.0,30.003402,0.0,0.0,15.971567000000002,0.0,13.498276999999998,67.736176,25.55203,0.0,0.0,30.782976,15.261375,17.557067,430.402439,4.455441,18.198274,320.671684,0.0,325881.0621,0.0,92.87418,1,0,1,0,1,0.821205,0.0,0.5713630000000001,0.731014,0.855334,20.885118,21.468743,29.874827000000003,10.329268,16.959572,-18.895065,-7.760072,-14.693263,-18.743972,-16.135572,-16.351573000000002,-19.477109,-23.925663,-25.595508,-18.389395,-17.074485,-24.041386,-23.634899,-18.66347,-18.100689000000006,3,66,6,0,208,11454,13,15,0,0,9.633333333
0,1,3,3,3,0,3,1.0,0.333333,0.666667,0.0,0.333333,164,3,9,5,308,6.931275,22.076928,19.673353,22.255383,6.926551,22,1,205,2,30,2,0,2,0,0,23,3,1,0,1,16.333333,0.333333,0.0,0.0,24.0,0.0,0.222222,8153.555556,0.222222,2.666667,0.006102000000000001,0.333333,1.0,0.166667,0.013761,0.006409999999999999,0.25,0.1,0.0,0.003125,0.00143,0.25,0.2,0.0,0.007983,0.015504,0.111111,0.1,0.0,0.034460000000000005,3.7e-05,0.002222,0.024691,0.0,0.0004570000000000001,23.09808,5.99246,1291.207316,13.366322,54.594821,8.100686999999999,0.0,0.0,0.0,12.634581,8.100686999999999,8.517342999999999,7.985784,0.0,33.861273,0.384043,0.0,430.402439,0.0,8.209303,42.879431,33.612765,0.0,10.364042,4.4664470000000005,0,0,1,0,1,0.719317,1.0,1.0,0.731014,0.719428,7.802556,6.57647,0.0,0.0,7.790825,-13.966048,-7.760072,-17.119535,-18.903119,-14.428995,-20.103511,-24.805464,-21.461317,-25.596998000000006,-18.089557,-20.168345,-4.738302,-14.689844,-28.119826,-19.226044,4,34,5,0,115,3435,12,4,3576,7,0.0
1,1,3,3,2,0,1,1.0,0.333333,0.666667,0.666667,0.0,327,4,8,9,1487,6.931275,22.076928,19.673353,22.255383,6.926551,68,3,0,2,31,2,1,2,0,1,24,3,196,0,4,4.3333330000000005,0.0,68.333333,0.666667,0.0,82.666667,0.222222,0.222222,0.0,0.0,0.006102000000000001,0.0,0.3,0.153846,0.009235,0.002317,0.2,0.1,0.0,0.002017,0.002712,0.25,0.25,0.083333,0.046243,0.00244,0.233333,0.25,0.0,0.018018,5e-06,0.0,0.0,0.001543,0.000458,31.560172,22.076928,1291.207316,0.0,28.061031,8.100686999999999,5.99246,5.373163,0.0,8.098966,12.673413,25.55203,1237.62361,0.0,104.662117,6.2890120000000005,7.358975999999998,430.402439,4.455441,37.288493,15.479891,7.979907000000001,1.167248,10.364042,1760.5136760000007,1,1,0,0,1,0.960116,0.0,0.720414,0.0,0.972952,15.572998000000002,21.468743,29.874827000000003,0.0,15.256367,-30.363118,-5.546487,-8.429024,-18.743972,-12.487989,-21.902051,-19.477109,-21.45982,-27.690319,-15.518556,-13.106894,-24.041386,-14.689844,-28.119826,-17.754203,4,65,46,17,1049,203,4,13,3576,1037,9.633333333
0,1,0,0,3,0,1,0.333333,0.0,1.0,0.0,0.333333,1399,4,10,13,1413,6.931275,22.076928,19.673353,22.255383,6.926551,8,1,2,0,16,3,0,0,0,1,11,0,1,0,0,22.666667,0.0,1.0,0.0,0.333333,0.8888889999999999,0.0,0.0,0.222222,0.0,0.100204,0.333333,0.6,0.166667,0.026344,0.00818,0.25,0.0,0.0,0.002804,0.001493,0.333333,0.25,0.076923,0.000238,0.006409999999999999,0.111111,0.2,0.051282000000000015,0.037177,0.003181,0.024691,0.0,0.001543,7.000000000000002e-06,105.036047,0.0,0.0,0.0,30.003402,2.700229,5.99246,15.971567000000002,0.0,8.098966,1.152128,25.55203,1237.62361,7.49424,6.1565949999999985,0.0,1.997487,3.895856,4.455441,11.145508,11.880727,0.0,1.167248,0.0,19.573792,1,0,0,0,0,0.960116,0.465641,0.5713630000000001,0.0,0.989938,15.572998000000002,21.468743,24.233365,0.0,16.096093,-12.609065,-21.242171,-17.119535,-25.436074,-16.135572,-19.153105,-19.477109,-23.925663,-27.690319,-18.26152,-13.106894,-4.738302,-14.689844,-28.119826,-20.568074,3,68,3,1,1066,11454,13,18,0,0,9.633333333
1,1,3,0,0,0,3,1.0,0.0,0.666667,0.666667,0.0,301,4,3,13,1308,6.931275,22.076928,19.673353,22.255383,6.926551,14,0,3,0,16,1,1,1,0,3,3,1,196,1,8,16.333333,0.333333,0.0,0.0,5.3333330000000005,16.222222,0.0,8153.555556,0.0,9.555556,0.091768,0.75,0.222222,0.153846,0.00807,0.000996,0.25,0.1,0.0,0.00125,0.014451,0.333333,0.333333,0.083333,0.048493,0.015504,0.233333,0.1,0.055556,0.031455000000000004,6.1e-05,0.024691,0.0,0.001543,0.000458,82.314215,52.6712,0.0,0.0,30.784503000000004,5.760642,0.0,0.0,0.0,5.399311,12.673413,8.517342999999999,1237.62361,0.0,30.782976,6.2890120000000005,17.557067,0.0,0.0,27.406144,474.88174800000013,33.612765,7.736505,10.364042,2.78795,0,0,1,0,1,0.982281,0.465641,0.5713630000000001,0.731014,0.972952,10.705181,0.0,16.461859,0.0,13.965276,-14.915244,-7.760072,-7.761830000000002,-18.903119,-13.055286,-16.459027,-19.477109,-23.925663,-27.690319,-18.589543,-18.28721,-4.4744519999999985,-14.689844,-28.119826,-20.568074,7,51,1,30,210,63318,101,18,0,1037,98.21897609
0,1,3,1,2,2,3,0.0,0.0,0.666667,0.666667,1.0,1056,1,9,13,1308,6.931275,22.076928,19.673353,22.255383,6.926551,15,3,2,0,42,1,1,2,0,2,24,3,196,0,18,3.666667,2.333333,1.0,0.666667,3.333333,14.222222,0.222222,0.222222,0.222222,14.222222,0.003574000000000001,0.75,0.0,0.153846,0.10256400000000003,0.003003,0.2,0.333333,0.0,0.011976,0.047945,0.3,0.111111,0.076923,0.000238,0.008008,0.0,0.074074,0.055556,0.034188,3.4e-05,0.002222,0.024691,0.001543,0.000458,47.710914,0.0,0.0,13.366322,35.34393400000001,8.100686999999999,0.0,0.0,0.0,13.498276999999998,67.736176,25.55203,1237.62361,7.49424,49.252761,0.0,17.557067,3.895856,0.0,7.309417,11.880727,7.979907000000001,325881.0621,0.0,92.87418,0,0,1,0,1,0.860834,0.0,0.5713630000000001,0.731014,0.8745930000000001,20.435484,21.468743,26.759999,10.889497,19.199584,-15.042419,-21.242171,-14.935056,-25.436074,-19.469471,-19.153105,-19.477109,-16.424232,-25.596998000000006,-18.014035999999994,-11.402698,-24.041386,-23.634899,-18.50343,-30.739885,1,51,222,13,271,57107,2,5,0,0,0.0
0,1,1,1,0,0,0,0.0,0.0,0.0,0.0,0.0,287,2,9,7,4210,6.931275,22.076928,19.673353,22.255383,6.926551,5,0,0,0,42,8,2,1,0,3,10,3,0,1,37,9.333333,1.0,0.666667,0.666667,0.333333,6.888889,0.222222,8153.555556,0.222222,14.888889,0.030581,0.75,1.0,0.153846,0.028037,0.008671,0.2,0.1,0.0,0.002017,0.005521,0.333333,0.25,0.0,0.0,0.001327,0.111111,0.1,0.055556,0.031455000000000004,6.1e-05,0.024691,0.002743,0.001543,0.0,12.710421,0.0,0.0,13.366322,12.704504,2.700229,5.99246,15.971567000000002,0.0,10.798622,6.1578339999999985,0.0,0.0,0.0,9.234893,15.903638,17.557067,430.402439,0.0,12.819065,4.853224,1.0841690000000002,1.167248,0.0,126.093411,0,0,1,0,1,0.8553870000000001,1.0,0.0,0.0,0.855334,0.348174,6.57647,24.233365,10.889497,21.600491,-18.567793,-21.242171,-6.901022,-18.743972,-10.938158,-20.76585,-21.339609,-23.934636,-27.690319,-17.743246,-15.617916,-4.4744519999999985,-14.689844,-28.119826,-11.411067999999998,7,38,3,1,3492,63540,5,4,0,1037,98.21897609
0,1,0,1,2,2,1,0.0,1.0,0.666667,0.0,0.333333,1363,4,6,4,354,6.931275,22.076928,19.673353,22.255383,6.926551,5,3,205,2,20,3,1,0,0,4,7,3,196,0,392,5.0,2.333333,68.333333,0.0,4.0,38.0,0.222222,8153.555556,0.0,14.222222,0.003574000000000001,0.7,0.666667,0.0,0.009649,0.012195,0.0,0.0,0.0,0.001979,0.001493,0.3,0.1,0.0,0.013378,0.005379999999999999,0.111111,0.25,0.055556,0.037177,3e-06,0.024691,0.002743,0.001315,4.4e-05,17.714906,5.99246,1291.207316,13.366322,82.21843100000002,0.0,0.0,0.0,0.0,8.098966,6.1578339999999985,25.55203,0.0,0.0,6.1565949999999985,27.438072,1.997487,0.0,0.0,11.781311,61.91956500000001,7.979907000000001,7.736505,0.0,92.87418,1,1,0,0,0,0.8686959999999999,0.465641,0.5713630000000001,0.0,0.8745930000000001,20.347854,6.57647,7.375994,0.0,18.279205,-19.468448,-5.546487,-10.497324,-18.903119,-18.335164,-21.710022,-21.339609,-21.461317,-25.596998000000006,-19.841019,-13.106894,-4.4744519999999985,-16.886457,-18.50343,-12.388381,4,78,2,1,123,49697,31,56,0,1037,98.21897609
1,1,3,3,3,2,1,0.0,0.0,0.666667,0.0,0.333333,1363,4,9,12,354,6.931275,22.076928,19.673353,22.255383,6.926551,13,3,3,0,17,3,1,2,0,8,6,1,196,1,13,9.333333,2.333333,0.666667,0.0,10.333333,2.666667,0.0,8153.555556,0.0,14.888889,0.042683,0.333333,0.12868800000000002,0.166667,0.00544,0.00135,0.25,0.1,0.0,0.001311,0.012232,0.333333,0.111111,0.083333,0.007983,0.001191,0.111111,0.074074,0.055556,0.006047,3.4e-05,0.024691,0.024691,0.001543,3.3e-05,29.238631,52.6712,1291.207316,0.0,54.594821,8.064899,11.984921,15.971567000000002,0.0,9.188786,15.394586,0.0,6.314406,0.0,55.409356,0.384043,0.0,0.0,4.455441,24.615236,86.303274,0.0,1.167248,0.0,6.941327,1,0,0,0,0,0.989585,1.0,0.5713630000000001,0.0,0.844249,17.086598000000002,21.468743,29.874827000000003,0.0,16.264682999999998,-16.021352,-21.242171,-14.693263,-18.903119,-10.394392,-19.153105,-24.805464,-16.424232,-25.595508,-18.389395,-14.798285,-4.4744519999999985,-16.886457,-18.66347,-12.307938,1,68,0,1,283,11454,4,4,0,7,9.633333333
2,1,0,1,2,0,0,0.0,1.0,0.666667,0.0,0.0,1363,3,0,13,3199,6.931275,22.076928,19.673353,22.255383,6.926551,10,7,205,0,25,4,1,2,0,8,196,0,0,1,11,2.333333,0.333333,0.0,0.0,4.3333330000000005,76.222222,0.0,8153.555556,0.222222,266.0,0.09589,0.7,0.12868800000000002,0.166667,0.028037,0.006969,0.2,0.333333,0.0,0.016234000000000002,0.00143,0.3,0.2,0.0,0.01875,0.00947,0.233333,0.042896,0.055556,0.004587,7.000000000000002e-06,0.024691,0.003213,0.001543,2e-05,31.560172,22.076928,0.0,13.366322,33.436525,0.0,11.984921,15.971567000000002,0.0,13.498276999999998,12.315668,25.55203,1237.62361,0.0,10.798622,6.2890120000000005,1.997487,6.557784,4.455441,10.001134,13.091389,33.612765,0.0,0.0,594.54633,1,1,1,0,1,0.7952130000000001,1.0,0.720414,0.0,0.989938,16.934287,0.0,24.233365,10.329268,16.755041000000002,-12.609065,-5.546487,-17.119535,-18.903119,-17.716791,-15.716023000000002,-19.477109,-21.468789,-25.596998000000006,-17.667506,-12.825738,-4.4744519999999985,-14.498349,-28.119826,-18.100689000000006,1,48,3,15,256,63363,57,3,0,1037,98.21897609
2,1,1,3,3,2,1,0.333333,0.333333,0.0,0.0,1.0,935,5,8,6,865,6.931275,22.076928,19.673353,22.255383,6.926551,14,7,205,2,17,3,1,1,0,5,24,0,1,1,1,5.0,0.0,1.0,0.0,10.0,6.888889,0.0,8153.555556,0.222222,14.222222,0.00765,0.75,1.0,0.153846,0.038576,0.008671,0.2,0.1,0.0,0.006409999999999999,0.006409999999999999,0.25,0.1,0.0,0.012645,0.00947,0.233333,0.042896,0.0,0.00269,2e-06,0.0,0.003213,0.001315,0.000458,23.872741,0.0,0.0,13.366322,31.175817,0.0,11.984921,5.373163,0.0,21.597244,3.078917,8.517342999999999,7.985784,7.49424,30.782976,5.004892,0.0,430.402439,0.0,7.309417,0.294978,0.0,325881.0621,10.364042,6.941327,1,0,0,0,1,0.987202,1.0,0.720414,0.731014,0.8427889999999999,9.599771,21.468743,0.0,10.329268,18.680795,-30.363118,-7.760072,-8.429024,-18.903119,-18.335164,-20.76585,-21.339609,-16.424232,-25.596998000000006,-18.482719,-14.798285,-4.738302,-3.611597,-18.66347,-16.500564,1,53,295,1,10122,63562,1,10,3576,7,0.0
1,1,1,3,2,2,1,0.0,1.0,1.0,0.666667,1.0,489,10,9,6,167,6.931275,22.076928,19.673353,22.255383,6.926551,30,3,0,0,16,0,0,0,0,5,11,0,196,0,37,0.333333,2.333333,0.0,0.0,4.0,16.222222,0.222222,0.0,0.0,0.0,0.100204,0.7,0.75,0.153846,0.020478,0.009174,0.25,0.1,0.0,0.009634,0.011765,0.25,0.1,0.083333,0.0,0.015504,0.111111,0.25,0.051282000000000015,0.034188,7.000000000000002e-06,0.024691,0.002743,0.001543,1.7e-05,23.09808,5.99246,11.687569,13.366322,70.792754,8.064899,5.99246,0.0,0.0,21.597244,12.673413,5.99246,1237.62361,7.49424,16.197933,2.310425,7.358975999999998,0.0,4.455441,7.309417,8.824852,0.0,325881.0621,0.0,6.941327,0,0,0,0,1,0.8442700000000001,0.979913,0.5713630000000001,0.731014,0.898802,11.080956,0.0,29.874827000000003,0.0,20.810034,-19.468448,-21.242171,-8.429024,-18.743972,-15.038405,-19.169219,-21.339609,-23.934636,-25.596998000000006,-14.858462,-18.982129,-24.041386,-4.474536,-28.119826,-13.385779,2,78,11089534,2,1066,53749,7,67,3576,1037,0.0
3,1,1,1,0,2,1,0.0,1.0,0.666667,0.666667,0.0,741,3,1593,9,529,6.931275,22.076928,19.673353,22.255383,6.926551,13,7,205,2,410,0,0,0,0,3,3,1,1,0,1,3.0,0.0,68.333333,0.666667,4.0,1.555556,0.222222,8153.555556,0.222222,0.8888889999999999,0.09589,0.7,0.75,0.153846,0.040625,0.0,0.25,0.2,0.0,0.001484,0.017044999999999998,0.3,0.1,0.083333,0.001415,0.014228,0.0,0.042896,0.055556,7.900000000000001e-05,0.0,0.002222,0.0,0.001543,6e-06,73.890351,52.6712,19.673353,0.0,54.594821,3.456385,5.99246,0.0,0.0,9.188786,18.473503,25.55203,1237.62361,7.49424,16.197933,9.751972,7.358975999999998,430.402439,0.0,9.353677,474.88174800000013,7.979907000000001,7.736505,0.0,6.941327,1,1,1,0,0,0.987202,1.0,0.5713630000000001,0.731014,0.995455,20.435484,21.468743,16.461859,10.329268,0.35338800000000004,-16.651804000000002,-7.760072,-7.761830000000002,-25.436074,-17.716791,-18.073534,-24.805464,-23.934636,-27.690319,-14.858462,-14.798285,-24.041386,-23.634899,-18.66347,-30.739885,8,78,5,5,210,63363,5,2,0,0,98.21897609
